-- MySQL dump 10.13  Distrib 5.1.63, for debian-linux-gnu (i486)
--
-- Host: localhost    Database: rd
-- ------------------------------------------------------
-- Server version	5.1.63-0ubuntu0.10.04.1

/*!40101 SET @OLD_CHARACTER_SET_CLIENT=@@CHARACTER_SET_CLIENT */;
/*!40101 SET @OLD_CHARACTER_SET_RESULTS=@@CHARACTER_SET_RESULTS */;
/*!40101 SET @OLD_COLLATION_CONNECTION=@@COLLATION_CONNECTION */;
/*!40101 SET NAMES utf8 */;
/*!40103 SET @OLD_TIME_ZONE=@@TIME_ZONE */;
/*!40103 SET TIME_ZONE='+00:00' */;
/*!40014 SET @OLD_UNIQUE_CHECKS=@@UNIQUE_CHECKS, UNIQUE_CHECKS=0 */;
/*!40014 SET @OLD_FOREIGN_KEY_CHECKS=@@FOREIGN_KEY_CHECKS, FOREIGN_KEY_CHECKS=0 */;
/*!40101 SET @OLD_SQL_MODE=@@SQL_MODE, SQL_MODE='NO_AUTO_VALUE_ON_ZERO' */;
/*!40111 SET @OLD_SQL_NOTES=@@SQL_NOTES, SQL_NOTES=0 */;

--
-- Table structure for table `acos`
--

DROP TABLE IF EXISTS `acos`;
/*!40101 SET @saved_cs_client     = @@character_set_client */;
/*!40101 SET character_set_client = utf8 */;
CREATE TABLE `acos` (
  `id` int(10) NOT NULL AUTO_INCREMENT,
  `parent_id` int(10) DEFAULT NULL,
  `model` varchar(255) DEFAULT NULL,
  `foreign_key` int(10) DEFAULT NULL,
  `alias` varchar(255) DEFAULT NULL,
  `comment` varchar(255) DEFAULT NULL,
  `lft` int(10) DEFAULT NULL,
  `rght` int(10) DEFAULT NULL,
  PRIMARY KEY (`id`)
) ENGINE=MyISAM AUTO_INCREMENT=135 DEFAULT CHARSET=latin1;
/*!40101 SET character_set_client = @saved_cs_client */;

--
-- Dumping data for table `acos`
--

LOCK TABLES `acos` WRITE;
/*!40000 ALTER TABLE `acos` DISABLE KEYS */;
INSERT INTO `acos` VALUES (35,NULL,NULL,NULL,'Realms','A list of realms to which an access provider can belong - DO NOT DELETE!!',113,128),(29,NULL,NULL,NULL,'Access Providers','A container with rights available to Access Providers - DO NOT DELETE!!',1,106),(30,NULL,NULL,NULL,'Permanent Users','A container with rights for Permanent Users - DO NOT DELETE!!',107,112),(31,29,NULL,NULL,'Controllers','A container with the various controllers and their actions which can be used by the Access Providers',2,97),(32,29,NULL,NULL,'Other Rights','A list of other rights which can be configured for an Access Provider',98,105),(33,30,NULL,NULL,'Controllers','A container with the various controllers and their actions which can be used by the Permanent Users',108,109),(34,30,NULL,NULL,'Other Rights','A list of other rights which can be configured for a Permanent User',110,111),(67,31,NULL,NULL,'Realms','',31,50),(68,67,NULL,NULL,'index','',32,33),(63,32,NULL,NULL,'Can Change Rights','This is a key option to allow an Access Provider the ability to change the rights of any of his Access Provider children',101,102),(42,32,NULL,NULL,'View users or vouchers not created self','',99,100),(43,31,NULL,NULL,'Vouchers','',3,6),(44,43,NULL,NULL,'index','',4,5),(45,31,NULL,NULL,'PermanentUsers','',7,10),(46,45,NULL,NULL,'index','',8,9),(64,32,NULL,NULL,'Can disable activity recording','Can disable Activity Recording on Access Provider children',103,104),(58,31,NULL,NULL,'AccessProviders','Access Providers can only do these actions on any access provider that is a child of the Access Provider',11,30),(59,58,NULL,NULL,'index','Without this right, the Access Providers option will not be shown in the Access Provider\'s menu',12,13),(60,58,NULL,NULL,'add','Without this right an Access Provider will not be able to create Access Provider children',14,15),(61,58,NULL,NULL,'edit','',16,17),(62,58,NULL,NULL,'delete','',18,19),(65,58,NULL,NULL,'change_password','',20,21),(69,67,NULL,NULL,'add','',34,35),(70,67,NULL,NULL,'edit','',36,37),(71,67,NULL,NULL,'delete','',38,39),(100,35,'Realm',22,'RootPrivate',NULL,122,123),(89,35,'Realm',11,'AP Private',NULL,118,119),(91,35,'Realm',13,'AP Public',NULL,120,121),(101,35,'Realm',23,'RootPublic',NULL,124,125),(102,31,NULL,NULL,'Nas','Nas Devices - These rights are also considering the hierarchy of the Access Provider',51,70),(103,102,NULL,NULL,'index','Without this right there will be no NAS Devices in the AP\'s menu',52,53),(104,102,NULL,NULL,'add','',54,55),(105,102,NULL,NULL,'edit','',56,57),(106,102,NULL,NULL,'delete','',58,59),(107,31,NULL,NULL,'Tags','Tags for NAS Devices',71,90),(108,107,NULL,NULL,'index','Without this right, there will be no NAS Device tags in the AP\'s menu',72,73),(109,107,NULL,NULL,'add','',74,75),(110,107,NULL,NULL,'edit','',76,77),(111,107,NULL,NULL,'delete','',78,79),(112,102,NULL,NULL,'manage_tags','Attach or remove tags to NAS devices',60,61),(113,107,NULL,NULL,'export_csv','Exporting the display from the grid to CSV',80,81),(114,107,NULL,NULL,'index_for_filter','A list for of tags to display on the filter field on the Access Provider grid',82,83),(115,107,NULL,NULL,'note_index','List notes',84,85),(116,107,NULL,NULL,'note_add','',86,87),(117,107,NULL,NULL,'note_del','Remove a note of a NAS Tag',88,89),(118,102,NULL,NULL,'export_csv','Exporting the display of the grid to CSV',62,63),(119,102,NULL,NULL,'note_index','List notes',64,65),(120,102,NULL,NULL,'note_add','',66,67),(121,102,NULL,NULL,'note_del','',68,69),(122,67,NULL,NULL,'export_csv','',40,41),(123,67,NULL,NULL,'index_for_filter','',42,43),(124,67,NULL,NULL,'note_index','',44,45),(125,67,NULL,NULL,'note_add','',46,47),(126,67,NULL,NULL,'note_del','',48,49),(127,58,NULL,NULL,'export_csv','',22,23),(128,58,NULL,NULL,'note_index','',24,25),(129,58,NULL,NULL,'note_add','',26,27),(130,58,NULL,NULL,'note_del','',28,29),(131,35,'Realm',24,'TigerPrivate',NULL,126,127),(132,31,NULL,NULL,'AcosRights','Controller to manage the Rights Tree',91,96),(133,132,NULL,NULL,'index_ap','List the rights of a specific AP',92,93),(134,132,NULL,NULL,'edit_ap','Modify the rights of a specific AP by another AP',94,95);
/*!40000 ALTER TABLE `acos` ENABLE KEYS */;
UNLOCK TABLES;

--
-- Table structure for table `aros`
--

DROP TABLE IF EXISTS `aros`;
/*!40101 SET @saved_cs_client     = @@character_set_client */;
/*!40101 SET character_set_client = utf8 */;
CREATE TABLE `aros` (
  `id` int(10) NOT NULL AUTO_INCREMENT,
  `parent_id` int(10) DEFAULT NULL,
  `model` varchar(255) DEFAULT NULL,
  `foreign_key` int(10) DEFAULT NULL,
  `alias` varchar(255) DEFAULT NULL,
  `lft` int(10) DEFAULT NULL,
  `rght` int(10) DEFAULT NULL,
  PRIMARY KEY (`id`)
) ENGINE=MyISAM AUTO_INCREMENT=3151 DEFAULT CHARSET=latin1;
/*!40101 SET character_set_client = @saved_cs_client */;

--
-- Dumping data for table `aros`
--

LOCK TABLES `aros` WRITE;
/*!40000 ALTER TABLE `aros` DISABLE KEYS */;
INSERT INTO `aros` VALUES (3115,NULL,'Group',8,NULL,1,4),(3116,NULL,'Group',9,NULL,5,14),(3117,NULL,'Group',10,NULL,15,16),(3118,3115,'User',44,NULL,2,3),(3132,3116,'User',58,NULL,6,7),(3150,3116,'User',64,NULL,12,13),(3146,3116,'User',60,NULL,8,9),(3147,3116,'User',61,NULL,10,11);
/*!40000 ALTER TABLE `aros` ENABLE KEYS */;
UNLOCK TABLES;

--
-- Table structure for table `aros_acos`
--

DROP TABLE IF EXISTS `aros_acos`;
/*!40101 SET @saved_cs_client     = @@character_set_client */;
/*!40101 SET character_set_client = utf8 */;
CREATE TABLE `aros_acos` (
  `id` int(10) NOT NULL AUTO_INCREMENT,
  `aro_id` int(10) NOT NULL,
  `aco_id` int(10) NOT NULL,
  `_create` varchar(2) NOT NULL DEFAULT '0',
  `_read` varchar(2) NOT NULL DEFAULT '0',
  `_update` varchar(2) NOT NULL DEFAULT '0',
  `_delete` varchar(2) NOT NULL DEFAULT '0',
  PRIMARY KEY (`id`),
  UNIQUE KEY `ARO_ACO_KEY` (`aro_id`,`aco_id`)
) ENGINE=MyISAM AUTO_INCREMENT=111 DEFAULT CHARSET=latin1;
/*!40101 SET character_set_client = @saved_cs_client */;

--
-- Dumping data for table `aros_acos`
--

LOCK TABLES `aros_acos` WRITE;
/*!40000 ALTER TABLE `aros_acos` DISABLE KEYS */;
INSERT INTO `aros_acos` VALUES (16,3116,44,'-1','-1','-1','-1'),(17,3116,46,'-1','-1','-1','-1'),(18,3116,59,'1','1','1','1'),(19,3116,60,'1','1','1','1'),(20,3116,62,'1','1','1','1'),(21,3116,42,'-1','-1','-1','-1'),(22,3116,61,'1','1','1','1'),(23,3116,63,'-1','-1','-1','-1'),(24,3116,64,'1','1','1','1'),(26,3132,63,'1','1','1','1'),(25,3116,65,'1','1','1','1'),(27,3132,42,'-1','-1','-1','-1'),(28,3132,64,'-1','-1','-1','-1'),(32,3132,44,'1','1','1','1'),(33,3132,46,'1','1','1','1'),(34,3132,59,'1','1','1','1'),(68,3132,69,'1','1','1','1'),(66,3132,68,'1','1','1','1'),(61,3116,68,'1','1','1','1'),(62,3116,69,'1','1','1','1'),(63,3116,70,'1','1','1','1'),(64,3116,71,'1','1','1','1'),(72,3132,91,'1','1','1','1'),(73,3132,101,'1','1','1','-1'),(75,3116,103,'1','1','1','1'),(74,3118,101,'1','1','-1','-1'),(76,3116,104,'1','1','1','1'),(77,3116,105,'1','1','1','1'),(78,3116,106,'1','1','1','1'),(79,3116,108,'1','1','1','1'),(80,3116,109,'1','1','1','1'),(81,3116,110,'1','1','1','1'),(82,3116,111,'1','1','1','1'),(83,3116,112,'1','1','1','1'),(95,3116,122,'1','1','1','1'),(84,3147,71,'1','1','1','1'),(85,3147,91,'1','1','1','1'),(86,3116,117,'1','1','1','1'),(87,3116,116,'1','1','1','1'),(88,3116,115,'1','1','1','1'),(89,3116,114,'1','1','1','1'),(90,3116,113,'1','1','1','1'),(91,3116,118,'1','1','1','1'),(92,3116,119,'1','1','1','1'),(93,3116,120,'1','1','1','1'),(94,3116,121,'1','1','1','1'),(96,3116,123,'1','1','1','1'),(97,3116,124,'1','1','1','1'),(98,3116,125,'1','1','1','1'),(99,3116,126,'1','1','1','1'),(100,3116,127,'1','1','1','1'),(101,3116,128,'1','1','1','1'),(102,3116,129,'1','1','1','1'),(103,3116,130,'1','1','1','1'),(104,3150,101,'1','1','1','1'),(105,3150,91,'1','1','1','1'),(106,3150,69,'1','1','1','1'),(107,3150,70,'1','1','1','1'),(108,3116,133,'1','1','1','1'),(109,3116,134,'1','1','1','1'),(110,3150,44,'1','1','1','1');
/*!40000 ALTER TABLE `aros_acos` ENABLE KEYS */;
UNLOCK TABLES;

--
-- Table structure for table `categories`
--

DROP TABLE IF EXISTS `categories`;
/*!40101 SET @saved_cs_client     = @@character_set_client */;
/*!40101 SET character_set_client = utf8 */;
CREATE TABLE `categories` (
  `id` char(36) NOT NULL,
  `parent_id` char(36) DEFAULT NULL,
  `lft` char(36) DEFAULT NULL,
  `rght` char(36) DEFAULT NULL,
  `name` varchar(255) DEFAULT '',
  PRIMARY KEY (`id`)
) ENGINE=MyISAM DEFAULT CHARSET=latin1;
/*!40101 SET character_set_client = @saved_cs_client */;

--
-- Dumping data for table `categories`
--

LOCK TABLES `categories` WRITE;
/*!40000 ALTER TABLE `categories` DISABLE KEYS */;
INSERT INTO `categories` VALUES ('5049e773-93c4-4d1b-a24d-26cfb442a47e',NULL,'1','2','Skating'),('5049e775-e948-4335-a1cb-2646b442a47e',NULL,'3','12','Skating'),('5049e792-4094-4737-bbcd-2644b442a47e','5049e775-e948-4335-a1cb-2646b442a47e','4','11','Klap hom'),('5049e7bd-6c28-4899-bf3c-2643b442a47e','5049e792-4094-4737-bbcd-2644b442a47e','5','6','Weer pappie'),('5049e83b-1e18-4aff-88dc-2645b442a47e','5049e792-4094-4737-bbcd-2644b442a47e','7','8','Weer pappie'),('5049f420-3f08-4714-9d8f-2642b442a47e','5049e792-4094-4737-bbcd-2644b442a47e','9','10','Weer pappie');
/*!40000 ALTER TABLE `categories` ENABLE KEYS */;
UNLOCK TABLES;

--
-- Table structure for table `countries`
--

DROP TABLE IF EXISTS `countries`;
/*!40101 SET @saved_cs_client     = @@character_set_client */;
/*!40101 SET character_set_client = utf8 */;
CREATE TABLE `countries` (
  `id` int(5) NOT NULL AUTO_INCREMENT,
  `name` varchar(50) DEFAULT NULL,
  `iso_code` varchar(2) DEFAULT NULL,
  `icon_file` varchar(100) DEFAULT NULL,
  `created` datetime DEFAULT NULL,
  `modified` datetime DEFAULT NULL,
  PRIMARY KEY (`id`)
) ENGINE=MyISAM AUTO_INCREMENT=20 DEFAULT CHARSET=latin1;
/*!40101 SET character_set_client = @saved_cs_client */;

--
-- Dumping data for table `countries`
--

LOCK TABLES `countries` WRITE;
/*!40000 ALTER TABLE `countries` DISABLE KEYS */;
INSERT INTO `countries` VALUES (4,'United Kingdom','GB','/cake2/rd_cake/webroot/img/flags/GB.png','2012-10-05 04:55:12','2012-11-23 21:15:38'),(5,'South Africa','ZA','/cake2/rd_cake/webroot/img/flags/ZA.png','2012-10-07 04:30:48','2012-10-07 04:30:48'),(18,'Iran','IR','/cake2/rd_cake/webroot/img/flags/IR.png','2013-01-01 15:27:17','2013-01-01 15:27:17');
/*!40000 ALTER TABLE `countries` ENABLE KEYS */;
UNLOCK TABLES;

--
-- Table structure for table `groups`
--

DROP TABLE IF EXISTS `groups`;
/*!40101 SET @saved_cs_client     = @@character_set_client */;
/*!40101 SET character_set_client = utf8 */;
CREATE TABLE `groups` (
  `id` int(11) NOT NULL AUTO_INCREMENT,
  `name` varchar(100) NOT NULL,
  `created` datetime DEFAULT NULL,
  `modified` datetime DEFAULT NULL,
  PRIMARY KEY (`id`)
) ENGINE=MyISAM AUTO_INCREMENT=11 DEFAULT CHARSET=latin1;
/*!40101 SET character_set_client = @saved_cs_client */;

--
-- Dumping data for table `groups`
--

LOCK TABLES `groups` WRITE;
/*!40000 ALTER TABLE `groups` DISABLE KEYS */;
INSERT INTO `groups` VALUES (8,'Administrators','2012-12-10 13:13:09','2012-12-10 13:13:09'),(9,'Access Providers','2012-12-10 13:13:19','2012-12-10 13:13:19'),(10,'Users','2012-12-10 13:13:28','2012-12-10 13:13:28');
/*!40000 ALTER TABLE `groups` ENABLE KEYS */;
UNLOCK TABLES;

--
-- Table structure for table `languages`
--

DROP TABLE IF EXISTS `languages`;
/*!40101 SET @saved_cs_client     = @@character_set_client */;
/*!40101 SET character_set_client = utf8 */;
CREATE TABLE `languages` (
  `id` int(5) NOT NULL AUTO_INCREMENT,
  `name` varchar(50) DEFAULT NULL,
  `iso_code` varchar(2) DEFAULT NULL,
  `rtl` tinyint(1) NOT NULL DEFAULT '0',
  `created` datetime DEFAULT NULL,
  `modified` datetime DEFAULT NULL,
  PRIMARY KEY (`id`)
) ENGINE=MyISAM AUTO_INCREMENT=14 DEFAULT CHARSET=latin1;
/*!40101 SET character_set_client = @saved_cs_client */;

--
-- Dumping data for table `languages`
--

LOCK TABLES `languages` WRITE;
/*!40000 ALTER TABLE `languages` DISABLE KEYS */;
INSERT INTO `languages` VALUES (4,'English','en',0,'2012-10-05 04:55:28','2012-10-06 07:58:26'),(5,'Afrikaans','af',0,'2012-10-07 04:30:59','2012-10-07 21:15:04'),(13,'Persian','fa',1,'2013-01-01 15:27:33','2013-01-01 15:27:33');
/*!40000 ALTER TABLE `languages` ENABLE KEYS */;
UNLOCK TABLES;

--
-- Table structure for table `na_notes`
--

DROP TABLE IF EXISTS `na_notes`;
/*!40101 SET @saved_cs_client     = @@character_set_client */;
/*!40101 SET character_set_client = utf8 */;
CREATE TABLE `na_notes` (
  `id` int(11) NOT NULL AUTO_INCREMENT,
  `na_id` int(11) NOT NULL,
  `note_id` int(11) NOT NULL,
  `created` datetime NOT NULL,
  `modified` datetime NOT NULL,
  PRIMARY KEY (`id`)
) ENGINE=InnoDB AUTO_INCREMENT=30 DEFAULT CHARSET=latin1;
/*!40101 SET character_set_client = @saved_cs_client */;

--
-- Dumping data for table `na_notes`
--

LOCK TABLES `na_notes` WRITE;
/*!40000 ALTER TABLE `na_notes` DISABLE KEYS */;
/*!40000 ALTER TABLE `na_notes` ENABLE KEYS */;
UNLOCK TABLES;

--
-- Table structure for table `na_realms`
--

DROP TABLE IF EXISTS `na_realms`;
/*!40101 SET @saved_cs_client     = @@character_set_client */;
/*!40101 SET character_set_client = utf8 */;
CREATE TABLE `na_realms` (
  `id` int(11) NOT NULL AUTO_INCREMENT,
  `na_id` int(11) NOT NULL,
  `realm_id` int(11) NOT NULL,
  `created` datetime NOT NULL,
  `modified` datetime NOT NULL,
  PRIMARY KEY (`id`)
) ENGINE=InnoDB AUTO_INCREMENT=29 DEFAULT CHARSET=latin1;
/*!40101 SET character_set_client = @saved_cs_client */;

--
-- Dumping data for table `na_realms`
--

LOCK TABLES `na_realms` WRITE;
/*!40000 ALTER TABLE `na_realms` DISABLE KEYS */;
INSERT INTO `na_realms` VALUES (26,1,24,'2013-01-28 13:33:39','2013-01-28 13:33:39'),(27,1,13,'2013-01-28 13:33:40','2013-01-28 13:33:40'),(28,1,11,'2013-01-28 13:33:41','2013-01-28 13:33:41');
/*!40000 ALTER TABLE `na_realms` ENABLE KEYS */;
UNLOCK TABLES;

--
-- Table structure for table `na_tags`
--

DROP TABLE IF EXISTS `na_tags`;
/*!40101 SET @saved_cs_client     = @@character_set_client */;
/*!40101 SET character_set_client = utf8 */;
CREATE TABLE `na_tags` (
  `id` int(11) NOT NULL AUTO_INCREMENT,
  `na_id` int(11) NOT NULL,
  `tag_id` int(11) NOT NULL,
  `created` datetime NOT NULL,
  `modified` datetime NOT NULL,
  PRIMARY KEY (`id`)
) ENGINE=InnoDB AUTO_INCREMENT=5 DEFAULT CHARSET=latin1;
/*!40101 SET character_set_client = @saved_cs_client */;

--
-- Dumping data for table `na_tags`
--

LOCK TABLES `na_tags` WRITE;
/*!40000 ALTER TABLE `na_tags` DISABLE KEYS */;
/*!40000 ALTER TABLE `na_tags` ENABLE KEYS */;
UNLOCK TABLES;

--
-- Table structure for table `nas`
--

DROP TABLE IF EXISTS `nas`;
/*!40101 SET @saved_cs_client     = @@character_set_client */;
/*!40101 SET character_set_client = utf8 */;
CREATE TABLE `nas` (
  `id` int(10) NOT NULL AUTO_INCREMENT,
  `nasname` varchar(128) NOT NULL,
  `shortname` varchar(32) DEFAULT NULL,
  `type` varchar(30) DEFAULT 'other',
  `ports` int(5) DEFAULT NULL,
  `secret` varchar(60) NOT NULL DEFAULT 'secret',
  `server` varchar(64) DEFAULT NULL,
  `community` varchar(50) DEFAULT NULL,
  `description` varchar(200) DEFAULT 'RADIUS Client',
  `connection_type` enum('direct','openvpn','pptp','dynamic') DEFAULT 'direct',
  `available_to_siblings` tinyint(1) NOT NULL DEFAULT '1',
  `record_auth` tinyint(1) NOT NULL DEFAULT '0',
  `dynamic_attribute` varchar(50) NOT NULL DEFAULT '',
  `dynamic_value` varchar(50) NOT NULL DEFAULT '',
  `monitor` enum('off','ping','heartbeat') DEFAULT 'off',
  `ping_interval` int(5) NOT NULL DEFAULT '600',
  `heartbeat_dead_after` int(5) NOT NULL DEFAULT '600',
  `session_auto_close` tinyint(1) NOT NULL DEFAULT '0',
  `session_dead_time` int(5) NOT NULL DEFAULT '3600',
  `on_public_maps` tinyint(1) NOT NULL DEFAULT '0',
  `lat` double DEFAULT NULL,
  `lon` double DEFAULT NULL,
  `photo_file_name` varchar(128) NOT NULL DEFAULT 'logo.jpg',
  `user_id` int(11) DEFAULT NULL,
  `created` datetime NOT NULL,
  `modified` datetime NOT NULL,
  PRIMARY KEY (`id`),
  KEY `nasname` (`nasname`)
) ENGINE=MyISAM AUTO_INCREMENT=3 DEFAULT CHARSET=latin1;
/*!40101 SET character_set_client = @saved_cs_client */;

--
-- Dumping data for table `nas`
--

LOCK TABLES `nas` WRITE;
/*!40000 ALTER TABLE `nas` DISABLE KEYS */;
INSERT INTO `nas` VALUES (1,'127.0.0.1','Localhost','other',NULL,'testing123','','','RADIUS Client','direct',0,1,'','','heartbeat',600,582,1,3603,1,NULL,NULL,'logo.jpg',58,'2013-01-28 05:50:39','2013-01-28 06:10:05'),(2,'dynamic-1','VeryHeavy','other',NULL,'VeryHeavy','','','RADIUS Client','dynamic',1,1,'Mikrotik-Realm','Very-Humble','heartbeat',600,600,1,3600,0,NULL,NULL,'logo.jpg',58,'2013-01-28 08:54:40','2013-01-28 09:13:48');
/*!40000 ALTER TABLE `nas` ENABLE KEYS */;
UNLOCK TABLES;

--
-- Table structure for table `notes`
--

DROP TABLE IF EXISTS `notes`;
/*!40101 SET @saved_cs_client     = @@character_set_client */;
/*!40101 SET character_set_client = utf8 */;
CREATE TABLE `notes` (
  `id` int(11) NOT NULL AUTO_INCREMENT,
  `note` text NOT NULL,
  `available_to_siblings` tinyint(1) NOT NULL DEFAULT '1',
  `user_id` int(11) DEFAULT NULL,
  `created` datetime NOT NULL,
  `modified` datetime NOT NULL,
  PRIMARY KEY (`id`)
) ENGINE=InnoDB AUTO_INCREMENT=46 DEFAULT CHARSET=latin1;
/*!40101 SET character_set_client = @saved_cs_client */;

--
-- Dumping data for table `notes`
--

LOCK TABLES `notes` WRITE;
/*!40000 ALTER TABLE `notes` DISABLE KEYS */;
INSERT INTO `notes` VALUES (28,'Coool Dude!',0,44,'2013-01-15 10:17:44','2013-01-15 10:17:44'),(30,'Laat lees',0,58,'2013-01-16 08:06:51','2013-01-16 08:06:51'),(32,'Slaat hom pappies',0,44,'2013-01-16 08:43:01','2013-01-16 08:43:01'),(35,'Blib blib blib',0,44,'2013-01-16 12:55:25','2013-01-16 12:55:25'),(36,'blib blip blib',0,58,'2013-01-16 12:55:48','2013-01-16 12:55:48'),(37,'Man ons vorder met sooibrand',1,60,'2013-01-18 07:57:12','2013-01-18 07:57:12'),(38,'Wild pappie',0,44,'2013-01-18 08:06:44','2013-01-18 08:06:44'),(39,'Slaat hom pappie!',1,44,'2013-01-18 21:05:33','2013-01-18 21:05:33'),(40,'This device is mega cool!',0,44,'2013-01-18 21:28:26','2013-01-18 21:28:26'),(41,'Dude, you think the device is cool, you should see the back-end program. It goes by the name of RADIUSdesk.\n\nAre you familiar with it?',0,58,'2013-01-18 21:29:43','2013-01-18 21:29:43'),(42,'Yes, that sounds familiar',0,44,'2013-01-18 21:30:39','2013-01-18 21:30:39'),(43,'Nee brrrrraaaa!!!',0,60,'2013-01-21 05:28:33','2013-01-21 05:28:33'),(44,'Geen notes at this stage pappie',0,60,'2013-01-21 06:33:28','2013-01-21 06:33:28'),(45,'Die dude is dom',1,60,'2013-01-21 08:05:05','2013-01-21 08:05:05');
/*!40000 ALTER TABLE `notes` ENABLE KEYS */;
UNLOCK TABLES;

--
-- Table structure for table `openvpn_clients`
--

DROP TABLE IF EXISTS `openvpn_clients`;
/*!40101 SET @saved_cs_client     = @@character_set_client */;
/*!40101 SET character_set_client = utf8 */;
CREATE TABLE `openvpn_clients` (
  `id` int(11) NOT NULL AUTO_INCREMENT,
  `username` varchar(255) NOT NULL,
  `password` varchar(255) DEFAULT NULL,
  `subnet` int(3) DEFAULT NULL,
  `peer1` int(3) DEFAULT NULL,
  `peer2` int(3) DEFAULT NULL,
  `na_id` int(11) DEFAULT NULL,
  `created` datetime NOT NULL,
  `modified` datetime NOT NULL,
  PRIMARY KEY (`id`)
) ENGINE=InnoDB AUTO_INCREMENT=64 DEFAULT CHARSET=latin1;
/*!40101 SET character_set_client = @saved_cs_client */;

--
-- Dumping data for table `openvpn_clients`
--

LOCK TABLES `openvpn_clients` WRITE;
/*!40000 ALTER TABLE `openvpn_clients` DISABLE KEYS */;
INSERT INTO `openvpn_clients` VALUES (61,'Koos','',1,1,2,16,'2013-01-09 10:59:12','2013-01-09 10:59:12'),(62,'Bad','Ass',1,5,6,17,'2013-01-09 11:05:36','2013-01-09 11:05:36'),(63,'GooiHom','',1,9,10,9,'2013-01-09 14:28:50','2013-01-09 14:28:50');
/*!40000 ALTER TABLE `openvpn_clients` ENABLE KEYS */;
UNLOCK TABLES;

--
-- Table structure for table `phrase_keys`
--

DROP TABLE IF EXISTS `phrase_keys`;
/*!40101 SET @saved_cs_client     = @@character_set_client */;
/*!40101 SET character_set_client = utf8 */;
CREATE TABLE `phrase_keys` (
  `id` int(5) NOT NULL AUTO_INCREMENT,
  `name` varchar(100) DEFAULT NULL,
  `comment` varchar(255) DEFAULT NULL,
  `created` datetime NOT NULL,
  `modified` datetime NOT NULL,
  PRIMARY KEY (`id`)
) ENGINE=MyISAM AUTO_INCREMENT=119 DEFAULT CHARSET=latin1;
/*!40101 SET character_set_client = @saved_cs_client */;

--
-- Dumping data for table `phrase_keys`
--

LOCK TABLES `phrase_keys` WRITE;
/*!40000 ALTER TABLE `phrase_keys` DISABLE KEYS */;
INSERT INTO `phrase_keys` VALUES (1,'spclCountry','Your Country where you are','2012-10-04 08:23:52','2012-10-07 21:04:56'),(2,'spclLanguage','Your language','2012-10-04 08:24:21','2012-10-07 04:01:48'),(6,'sUsername','Username','2012-10-04 12:53:36','2012-10-07 18:40:18'),(7,'sPassword','Password','2012-10-07 21:58:45','2012-10-07 21:58:45'),(16,'sChoose_a_language','Label','2012-11-24 00:08:24','2012-11-24 00:08:24'),(10,'sEnter_username','Typical login screen error','2012-11-23 22:28:25','2012-11-23 22:28:25'),(11,'sEnter_password','Typical login screen error','2012-11-23 22:29:29','2012-11-23 22:29:29'),(12,'sOK','OK like a confirmation or submit button','2012-11-23 22:42:19','2012-11-23 22:42:19'),(13,'sAuthenticate_please','Login window\'s title','2012-11-23 22:43:46','2012-11-23 22:43:46'),(14,'sChanging_language_please_wait','The splash message while changing the language','2012-11-23 22:47:51','2012-11-23 22:47:51'),(15,'sNew_language_selected','Splash heading while changing language','2012-11-23 22:49:05','2012-11-23 22:49:05'),(17,'sAbout','About button','2012-11-29 17:20:23','2012-11-29 17:20:23'),(18,'sFailure','This is in the error messages','2012-12-03 18:02:04','2012-12-03 18:02:04'),(19,'sReload','CRUD buttons','2012-12-04 16:03:35','2012-12-04 16:03:35'),(20,'sAdd','CRUD Buttons','2012-12-04 22:25:58','2012-12-04 22:25:58'),(21,'sDelete','CRUD Buttons','2012-12-04 22:26:17','2012-12-04 22:26:17'),(22,'sEdit','CDUR Buttons','2012-12-04 22:26:37','2012-12-04 22:26:37'),(23,'sCopy','CRUD PHP Phrases','2012-12-04 22:27:09','2012-12-04 22:38:02'),(24,'sEdit_meta_info','CRUD PHP Phrases','2012-12-04 22:27:45','2012-12-04 22:27:45'),(25,'sAdd_comment','CRUD PHP Phrases','2012-12-04 22:28:15','2012-12-04 22:28:15'),(27,'sKey','Javascript Phrases','2012-12-04 22:43:51','2012-12-04 22:43:51'),(28,'sComment','Many places','2012-12-04 22:44:27','2012-12-04 22:44:27'),(29,'sEnglish_use_as_reference','Javascript Phrases','2012-12-04 22:45:23','2012-12-04 22:48:11'),(30,'sTranslated','i18n','2012-12-04 22:46:14','2012-12-04 22:48:35'),(31,'sJavascript_Phrases','Tab heading','2012-12-04 22:52:38','2012-12-04 22:52:38'),(32,'sPHP_Phrases','Tab heading','2012-12-04 22:53:06','2012-12-04 22:53:06'),(58,'sCopy_phrases_from_language','','2013-01-22 11:02:58','2013-01-22 11:02:58'),(34,'sResult_count_{count}','Template key replaced by Extjs','2013-01-05 08:44:24','2013-01-05 08:44:24'),(35,'sConnecting','Shown on a load mask for feedback','2013-01-18 08:52:27','2013-01-18 08:52:27'),(36,'sAction','Buttongroup heading','2013-01-20 21:05:50','2013-01-20 21:05:50'),(37,'sSelection','Buttongroup heading','2013-01-20 21:06:30','2013-01-20 21:06:30'),(38,'sLogout','Desktop menu','2013-01-22 07:51:54','2013-01-22 07:51:54'),(39,'sSettings','Desktop menu','2013-01-22 07:53:44','2013-01-22 07:53:44'),(40,'sTile','Desktop context menu','2013-01-22 08:06:27','2013-01-22 08:06:27'),(41,'sCascade','Desktop Context menu','2013-01-22 08:07:16','2013-01-22 08:07:16'),(42,'sRestore','Window context option','2013-01-22 08:09:08','2013-01-22 08:09:08'),(43,'sMinimize','Window context option','2013-01-22 08:09:59','2013-01-22 08:09:59'),(44,'sMaximize','Window context option','2013-01-22 08:11:22','2013-01-22 08:11:22'),(45,'sClose','Desktop context menu','2013-01-22 08:12:53','2013-01-22 08:12:53'),(46,'sMenu','Desktop start button','2013-01-22 09:33:33','2013-01-22 09:33:33'),(47,'si18n_Manager','','2013-01-22 09:46:44','2013-01-22 09:46:44'),(48,'sGet_Help','Tool icon\'s tooltip at top of window','2013-01-22 09:48:23','2013-01-22 09:48:23'),(49,'sTranslation_management','','2013-01-22 09:49:42','2013-01-22 09:49:42'),(50,'sOnline_help_for_Translation_Manager','','2013-01-22 09:51:30','2013-01-22 09:51:30'),(51,'sSelect_a_country','','2013-01-22 09:53:18','2013-01-22 09:53:18'),(52,'sYou_are_required_to_select_a_country','','2013-01-22 09:54:31','2013-01-22 09:54:31'),(53,'sCountry_added','','2013-01-22 09:56:02','2013-01-22 09:56:02'),(54,'sNew_country_added_fine','','2013-01-22 09:57:09','2013-01-22 09:57:09'),(55,'sSending_the_info','','2013-01-22 09:59:08','2013-01-22 09:59:08'),(56,'sCountry','','2013-01-22 11:00:41','2013-01-22 11:00:41'),(57,'sLanguage','','2013-01-22 11:00:59','2013-01-22 11:00:59'),(59,'sLanguage_of_country','','2013-01-22 11:05:53','2013-01-22 11:05:53'),(60,'sAdd_Key','','2013-01-22 11:10:56','2013-01-22 11:10:56'),(61,'sSupply_the_following_detail_please','','2013-01-22 11:12:14','2013-01-22 11:12:14'),(62,'sKey_name','','2013-01-22 11:14:12','2013-01-22 11:14:12'),(63,'sSpecify_a_valid_name_for_the_key','','2013-01-22 11:14:54','2013-01-22 11:14:54'),(64,'sNext','','2013-01-22 11:16:52','2013-01-22 11:16:52'),(65,'sChoose_a_key','','2013-01-22 11:22:02','2013-01-22 11:22:02'),(66,'sDelete_country','','2013-01-22 11:23:17','2013-01-22 11:23:17'),(67,'sSelect_the_country_to_delete_fs_Make_sure_you_know_what_you_are_doing','','2013-01-22 11:24:47','2013-01-22 11:24:47'),(68,'sEdit_Countries','','2013-01-22 11:28:06','2013-01-22 11:28:06'),(69,'sSelect_a_country_to_edit','','2013-01-22 11:29:25','2013-01-22 11:29:25'),(70,'sCountry_name','','2013-01-22 11:31:19','2013-01-22 11:31:19'),(71,'sSpecify_a_valid_name_please','','2013-01-22 11:59:46','2013-01-22 11:59:46'),(72,'sISO_code','','2013-01-22 12:01:41','2013-01-22 12:01:41'),(73,'seg_ZA_or_DE','','2013-01-22 12:02:48','2013-01-22 12:02:48'),(74,'sSpecify_a_valid_iso_country_code','','2013-01-22 12:04:33','2013-01-22 12:04:33'),(75,'sFlag_icon','','2013-01-22 12:05:45','2013-01-22 12:05:45'),(76,'sSelect_Icon','','2013-01-22 12:07:19','2013-01-22 12:07:19'),(77,'sPrev','','2013-01-22 12:08:41','2013-01-22 12:08:41'),(78,'sChoose_a_country','','2013-01-22 12:39:33','2013-01-22 12:39:33'),(79,'sAdd_Language','','2013-01-22 12:42:34','2013-01-22 12:42:34'),(80,'sSelect_an_existing_country_to_add_a_language_to_fs','','2013-01-22 12:45:05','2013-01-22 12:45:05'),(81,'sAlternatively_choose_to_create_a_new_country_fs','','2013-01-22 12:46:30','2013-01-22 12:46:30'),(82,'sCreate_new_country','','2013-01-22 12:48:15','2013-01-22 12:48:15'),(84,'seg_pt_or_de','','2013-01-22 13:07:20','2013-01-22 13:07:20'),(85,'sSpecify_a_valid_iso_language_code','','2013-01-22 13:08:23','2013-01-22 13:08:23'),(86,'sEdit_Key','','2013-01-22 13:54:06','2013-01-22 13:54:06'),(87,'sSelect_a_key_to_edit','','2013-01-22 13:55:14','2013-01-22 13:55:14'),(88,'sChoose_an_existing_language_to_copy_the_phrases_from','','2013-01-22 14:03:27','2013-01-22 14:03:27'),(89,'sAvailable_languages','','2013-01-22 14:05:21','2013-01-22 14:05:21'),(90,'sDelete_language','','2013-01-22 14:09:24','2013-01-22 14:09:24'),(91,'sSelect_the_language_to_delete_fs','','2013-01-22 14:11:54','2013-01-22 14:11:54'),(92,'sMake_sure_you_know_what_you_are_doing_fs','','2013-01-22 14:12:51','2013-01-22 14:12:51'),(93,'sEdit_Languages','','2013-01-22 14:14:46','2013-01-22 14:14:46'),(94,'sSelect_a_language_to_edit','','2013-01-22 14:15:55','2013-01-22 14:15:55'),(95,'sAdd_Msgid','','2013-01-22 14:26:33','2013-01-22 14:26:33'),(96,'sMsgid','','2013-01-22 14:28:53','2013-01-22 14:28:53'),(97,'sMsgstr','','2013-01-22 14:30:24','2013-01-22 14:30:24'),(98,'sOptional_Comment','','2013-01-22 14:31:03','2013-01-22 14:31:03'),(99,'sRemove_existing_comments','','2013-01-22 14:34:26','2013-01-22 14:34:26'),(100,'sAdd_comment_to_msgid','','2013-01-22 14:35:43','2013-01-22 14:35:43'),(101,'sCopy_from_another_language','','2013-01-22 14:40:51','2013-01-22 14:40:51'),(102,'sMaintain_existing_translations','','2013-01-22 14:43:17','2013-01-22 14:43:17'),(103,'sEdit_Msgid','','2013-01-22 14:45:24','2013-01-22 14:45:24'),(104,'sPrevious_value','','2013-01-22 14:46:40','2013-01-22 14:46:40'),(105,'sSpecify_Meta_data','','2013-01-22 14:49:51','2013-01-22 14:49:51'),(106,'sEnter','','2013-01-22 14:51:18','2013-01-22 14:51:18'),(107,'sSource','','2013-01-22 15:10:06','2013-01-22 15:10:06'),(108,'sDestination','','2013-01-22 15:11:01','2013-01-22 15:11:01'),(109,'sSelect_something','','2013-01-22 15:15:16','2013-01-22 15:15:16'),(110,'sSelect_something_to_work_on','','2013-01-22 15:16:37','2013-01-22 15:16:37'),(111,'sConfirm','','2013-01-22 15:21:39','2013-01-22 15:21:39'),(112,'sAre_you_sure_you_want_to_do_that_qm','','2013-01-22 15:23:46','2013-01-22 15:23:46'),(113,'sItem_added','','2013-01-22 15:29:02','2013-01-22 15:29:02'),(114,'sNew_item_added_fine','','2013-01-22 15:30:04','2013-01-22 15:30:04'),(115,'sUpdated_database','','2013-01-22 15:38:01','2013-01-22 15:38:01'),(116,'sDatabase_has_been_updated','','2013-01-22 15:39:03','2013-01-22 15:39:03'),(117,'sSelect_one_only','','2013-01-22 15:41:49','2013-01-22 15:41:49'),(118,'sSelection_limited_to_one','','2013-01-22 15:42:43','2013-01-22 15:42:43');
/*!40000 ALTER TABLE `phrase_keys` ENABLE KEYS */;
UNLOCK TABLES;

--
-- Table structure for table `phrase_values`
--

DROP TABLE IF EXISTS `phrase_values`;
/*!40101 SET @saved_cs_client     = @@character_set_client */;
/*!40101 SET character_set_client = utf8 */;
CREATE TABLE `phrase_values` (
  `id` int(5) NOT NULL AUTO_INCREMENT,
  `country_id` int(5) DEFAULT NULL,
  `language_id` int(5) DEFAULT NULL,
  `phrase_key_id` int(5) DEFAULT NULL,
  `name` varchar(100) DEFAULT NULL,
  `created` datetime NOT NULL,
  `modified` datetime NOT NULL,
  PRIMARY KEY (`id`)
) ENGINE=MyISAM AUTO_INCREMENT=486 DEFAULT CHARSET=latin1;
/*!40101 SET character_set_client = @saved_cs_client */;

--
-- Dumping data for table `phrase_values`
--

LOCK TABLES `phrase_values` WRITE;
/*!40000 ALTER TABLE `phrase_values` DISABLE KEYS */;
INSERT INTO `phrase_values` VALUES (13,4,4,6,'Username','2012-10-05 04:55:28','2012-11-24 14:36:26'),(12,4,4,2,'English','2012-10-05 04:55:28','2012-10-05 04:55:28'),(11,4,4,1,'United Kingdom','2012-10-05 04:55:28','2012-10-05 04:55:28'),(14,5,5,1,'Suid-Afrika','2012-10-07 04:30:59','2012-10-07 21:59:21'),(15,5,5,2,'Afrikaans','2012-10-07 04:30:59','2012-10-07 21:59:25'),(16,5,5,6,'Gebruikernaam','2012-10-07 04:30:59','2012-11-24 15:00:29'),(18,4,4,7,'Password','2012-10-07 21:58:45','2012-10-07 21:59:45'),(19,5,5,7,'Wagwoord','2012-10-07 21:58:45','2012-11-28 14:55:01'),(40,4,4,16,'Choose a language','2012-11-24 00:08:24','2012-11-24 00:08:35'),(41,5,5,16,'Kies jou taal','2012-11-24 00:08:24','2012-11-24 00:08:46'),(28,4,4,10,'Enter username','2012-11-23 22:28:25','2012-11-23 22:28:54'),(29,5,5,10,'Verskaf gebruikersnaam','2012-11-23 22:28:25','2012-11-23 22:31:15'),(30,4,4,11,'Enter password','2012-11-23 22:29:29','2012-11-23 22:29:39'),(31,5,5,11,'Verskaf wagwoord','2012-11-23 22:29:29','2012-11-23 22:31:27'),(32,4,4,12,'OK','2012-11-23 22:42:19','2012-11-23 22:42:41'),(33,5,5,12,'Reg','2012-11-23 22:42:19','2013-01-22 15:46:21'),(34,4,4,13,'Authenticate please','2012-11-23 22:43:46','2012-11-23 22:44:07'),(35,5,5,13,'Geldigheidsvasstelling','2012-11-23 22:43:46','2012-11-23 22:44:29'),(36,4,4,14,' Changing language, please wait','2012-11-23 22:47:51','2012-11-23 22:49:44'),(37,5,5,14,'Verander die taal, net so oomblik ','2012-11-23 22:47:51','2012-11-23 22:50:08'),(38,4,4,15,'New language selected','2012-11-23 22:49:05','2012-11-23 23:30:23'),(39,5,5,15,'Nuwe taal gekies','2012-11-23 22:49:05','2012-11-27 06:31:39'),(42,4,4,17,'About','2012-11-29 17:20:23','2012-11-29 17:20:34'),(43,5,5,17,'Rakende','2012-11-29 17:20:23','2012-11-29 17:20:50'),(44,4,4,18,'Failure','2012-12-03 18:02:04','2012-12-04 12:16:02'),(45,5,5,18,'Probleme','2012-12-03 18:02:04','2012-12-04 13:27:11'),(124,4,4,19,'Reload','2012-12-04 16:03:35','2012-12-04 16:03:59'),(272,18,13,47,'Ù…Ø¯ÛŒØ±ÛŒØª Ø²Ø¨Ø§Ù†','2013-01-22 09:46:44','2013-01-22 08:26:24'),(271,5,5,47,'i18n Bestuurder','2013-01-22 09:46:44','2013-01-22 09:47:19'),(270,4,4,47,'i18n Manager','2013-01-22 09:46:44','2013-01-22 09:47:02'),(269,18,13,46,'Ù…Ù†Ùˆ','2013-01-22 09:33:33','2013-01-22 07:46:27'),(268,5,5,46,'Kieslys','2013-01-22 09:33:33','2013-01-22 09:33:51'),(267,4,4,46,'Menu','2013-01-22 09:33:33','2013-01-22 09:33:39'),(266,18,13,45,'Ø¨Ø¨Ù†Ø¯','2013-01-22 08:12:53','2013-01-22 07:46:22'),(265,5,5,45,'Maak toe','2013-01-22 08:12:53','2013-01-22 08:13:06'),(264,4,4,45,'Close','2013-01-22 08:12:53','2013-01-22 08:13:17'),(263,18,13,44,'Ø¨Ø¨Ø± Ø¨Ø§Ù„Ø§','2013-01-22 08:11:22','2013-01-22 07:46:14'),(262,5,5,44,'Vergroot','2013-01-22 08:11:22','2013-01-22 08:12:20'),(261,4,4,44,'Maximize','2013-01-22 08:11:22','2013-01-22 08:12:04'),(125,5,5,19,'Verfris','2012-12-04 16:03:35','2012-12-04 16:03:49'),(260,18,13,43,'Ø¨Ø¨Ø± Ù¾Ø§ÛŒÛŒÙ†','2013-01-22 08:09:59','2013-01-22 07:46:08'),(127,4,4,20,'Add','2012-12-04 22:25:58','2012-12-04 22:30:08'),(128,5,5,20,'Nuwe','2012-12-04 22:25:58','2012-12-04 22:28:33'),(259,5,5,43,'Verklein','2013-01-22 08:09:59','2013-01-22 08:10:32'),(130,4,4,21,'Delete','2012-12-04 22:26:17','2012-12-04 22:30:03'),(131,5,5,21,'Verwyder','2012-12-04 22:26:17','2012-12-04 22:28:42'),(258,4,4,43,'Minimize','2013-01-22 08:09:59','2013-01-22 08:10:48'),(133,4,4,22,'Edit','2012-12-04 22:26:37','2012-12-04 22:29:59'),(134,5,5,22,'Redigeer','2012-12-04 22:26:37','2012-12-04 22:28:46'),(257,18,13,42,'Ø¨Ø§Ø²ÛŒØ§Ø¨ÛŒ','2013-01-22 08:09:08','2013-01-22 07:44:17'),(136,4,4,23,'Copy','2012-12-04 22:27:09','2012-12-04 22:29:53'),(137,5,5,23,'Dupliseer','2012-12-04 22:27:09','2012-12-04 22:28:57'),(256,5,5,42,'Herstel','2013-01-22 08:09:08','2013-01-22 08:09:26'),(139,4,4,24,'Edit meta-info','2012-12-04 22:27:45','2012-12-04 22:29:49'),(140,5,5,24,'Redigeer meta-data','2012-12-04 22:27:45','2012-12-04 22:29:10'),(255,4,4,42,'Restore','2013-01-22 08:09:08','2013-01-22 08:09:16'),(142,4,4,25,'Add comment','2012-12-04 22:28:15','2012-12-04 22:29:40'),(143,5,5,25,'Nuwe komentaar','2012-12-04 22:28:15','2012-12-04 22:29:24'),(254,18,13,41,'Ø¢Ø¨Ø´Ø§Ø±ÛŒ','2013-01-22 08:07:16','2013-01-22 07:43:49'),(148,4,4,27,'Key','2012-12-04 22:43:51','2013-01-02 08:15:30'),(149,5,5,27,'Sleutel','2012-12-04 22:43:51','2012-12-04 22:44:05'),(253,5,5,41,'Kaskade','2013-01-22 08:07:16','2013-01-22 11:02:31'),(151,4,4,28,'Comment','2012-12-04 22:44:27','2013-01-02 08:15:38'),(152,5,5,28,'Nota','2012-12-04 22:44:27','2012-12-04 22:44:45'),(252,4,4,41,'Cascade','2013-01-22 08:07:16','2013-01-22 08:07:44'),(154,4,4,29,'English (use as reference)','2012-12-04 22:45:23','2013-01-02 08:16:36'),(155,5,5,29,'Engels (gebruik as verwysing)','2012-12-04 22:45:23','2012-12-04 22:50:32'),(251,18,13,40,'ØªÛŒØªØ±','2013-01-22 08:06:27','2013-01-22 07:43:19'),(157,4,4,30,'Translated','2012-12-04 22:46:14','2013-01-02 08:16:49'),(158,5,5,30,'Vertaalde Term','2012-12-04 22:46:14','2012-12-04 22:46:26'),(250,5,5,40,'Teels','2013-01-22 08:06:27','2013-01-22 08:06:51'),(160,4,4,31,'Javascript Phrases','2012-12-04 22:52:38','2013-01-02 08:17:06'),(161,5,5,31,'Javascript Frases','2012-12-04 22:52:38','2012-12-04 22:53:26'),(249,4,4,40,'Tile','2013-01-22 08:06:27','2013-01-22 08:06:41'),(163,4,4,32,'PHP Phrases','2012-12-04 22:53:06','2013-01-02 08:17:18'),(164,5,5,32,'PHP Frases','2012-12-04 22:53:06','2012-12-04 22:53:33'),(248,18,13,39,'ØªÙ†Ø¸ÛŒÙ…Ø§Øª','2013-01-22 07:53:44','2013-01-22 07:43:13'),(166,18,13,1,'Ø§ÛŒØ±Ø§Ù†','2013-01-01 15:27:33','2013-01-01 15:30:48'),(167,18,13,2,'ÙØ§Ø±Ø³ÛŒ','2013-01-01 15:27:33','2013-01-01 15:30:54'),(168,18,13,6,'Ù†Ø§Ù… Ú©Ø§Ø±Ø¨Ø±ÛŒ','2013-01-01 15:27:34','2013-01-01 16:15:46'),(169,18,13,7,'Ø±Ù…Ø² Ø¹Ø¨ÙˆØ±','2013-01-01 15:27:34','2013-01-01 16:16:25'),(170,18,13,16,'ÛŒÚ© Ø²Ø¨Ø§Ù† Ø±Ø§ Ø§Ù†ØªØ®Ø§Ø¨ Ú©Ù†ÛŒØ¯','2013-01-01 15:27:34','2013-01-01 16:17:08'),(171,18,13,10,'Ù†Ø§Ù… Ú©Ø§Ø±Ø¨Ø±ÛŒ Ø±Ø§ ÙˆØ§Ø±Ø¯ Ú©Ù†ÛŒØ¯','2013-01-01 15:27:34','2013-01-22 07:30:57'),(172,18,13,11,'Ø±Ù…Ø² Ø¹Ø¨ÙˆØ± Ø±Ø§ ÙˆØ§Ø±Ø¯ Ú©Ù†ÛŒØ¯','2013-01-01 15:27:34','2013-01-22 07:31:07'),(173,18,13,12,'ØªØ§ÛŒÛŒØ¯','2013-01-01 15:27:34','2013-01-22 07:31:11'),(174,18,13,13,'ØªØµØ¯ÛŒÙ‚ Ù„Ø·ÙØ§','2013-01-01 15:27:34','2013-01-01 16:18:55'),(175,18,13,14,'Ø¯Ø± Ø­Ø§Ù„ ØªØºÛŒÛŒØ± Ø²Ø¨Ø§Ù†ØŒ Ù„Ø·ÙØ§ ØµØ¨Ø± Ú©Ù†ÛŒØ¯','2013-01-01 15:27:34','2013-01-22 07:31:47'),(176,18,13,15,'Ø²Ø¨Ø§Ù† Ø¬Ø¯ÛŒØ¯ Ø§Ù†ØªØ®Ø§Ø¨ Ø´Ø¯','2013-01-01 15:27:34','2013-01-22 07:32:40'),(177,18,13,17,'Ø¯Ø±Ø¨Ø§Ø±Ù‡','2013-01-01 15:27:34','2013-01-22 07:32:47'),(178,18,13,18,'Ø´Ú©Ø³Øª','2013-01-01 15:27:34','2013-01-01 16:21:42'),(179,18,13,19,'Ø¨Ø§Ø²Ù†Ø´Ø§Ù†ÛŒ','2013-01-01 15:27:34','2013-01-22 07:32:54'),(180,18,13,20,'Ø§ÙØ²ÙˆØ¯Ù†','2013-01-01 15:27:34','2013-01-22 07:33:01'),(181,18,13,21,'Ù¾Ø§Ú© Ú©Ø±Ø¯Ù†','2013-01-01 15:27:34','2013-01-22 07:33:07'),(182,18,13,22,'ÙˆÛŒØ±Ø§ÛŒØ´','2013-01-01 15:27:34','2013-01-22 07:33:13'),(183,18,13,23,'Ú©Ù¾ÛŒ','2013-01-01 15:27:34','2013-01-22 07:36:00'),(184,18,13,24,'(modify me)','2013-01-01 15:27:34','2013-01-01 15:27:34'),(185,18,13,25,'Ø§ÙØ²ÙˆØ¯Ù† Ù†Ø¸Ø±','2013-01-01 15:27:34','2013-01-22 07:33:38'),(186,18,13,27,'Ú©Ù„ÛŒØ¯','2013-01-01 15:27:34','2013-01-22 07:33:45'),(187,18,13,28,'Ù†Ø¸Ø±','2013-01-01 15:27:34','2013-01-22 07:34:44'),(188,18,13,29,'Ø§Ù†Ú¯Ù„ÛŒØ³ÛŒ ( Ø²Ø¨Ø§Ù† Ù…Ø±Ø¬Ø¹ Ø§Ø³ØªÙØ§Ø¯Ù‡ Ø´ÙˆØ¯ (','2013-01-01 15:27:34','2013-01-22 07:39:19'),(189,18,13,30,'ØªØ±Ø¬Ù…Ù‡ Ø´Ø¯Ù‡','2013-01-01 15:27:34','2013-01-22 07:39:30'),(190,18,13,31,'Ø¹Ø¨Ø§Ø±Ø§Øª Ø¬Ø§ÙˆØ§ Ø§Ø³Ú©Ø±ÛŒÙ¾Øª','2013-01-01 15:27:34','2013-01-22 07:39:43'),(191,18,13,32,'Ø¹Ø¨Ø§Ø±Ø§Øª Ù¾ÛŒ Ø§Ú† Ù¾ÛŒ','2013-01-01 15:27:34','2013-01-22 07:41:00'),(305,18,13,58,'Ø¹Ø¨Ø§Ø±Ø§Øª Ø±Ø§ Ø§Ø² Ø²Ø¨Ø§Ù† Ú©Ù¾ÛŒ Ú©Ù†','2013-01-22 11:02:58','2013-01-22 07:41:13'),(304,5,5,58,'Gebruik \'n ander taal se frases','2013-01-22 11:02:58','2013-01-22 11:03:37'),(247,5,5,39,'Verstellings','2013-01-22 07:53:44','2013-01-22 07:54:31'),(303,4,4,58,'Copy phrases from language','2013-01-22 11:02:58','2013-01-22 11:03:58'),(196,4,4,34,'There are {count} items','2013-01-05 08:44:24','2013-01-05 08:44:44'),(197,5,5,34,'Daar is {count} items','2013-01-05 08:44:24','2013-01-21 10:11:42'),(246,4,4,39,'Settings','2013-01-22 07:53:44','2013-01-22 07:54:39'),(199,18,13,34,'{count} Ù…ÙˆØ±Ø¯ ÙˆØ¬ÙˆØ¯ Ø¯Ø§Ø±Ø¯','2013-01-05 08:44:24','2013-01-22 07:42:33'),(200,4,4,35,'Connecting','2013-01-18 08:52:27','2013-01-18 08:52:40'),(201,5,5,35,'Konnekteer','2013-01-18 08:52:27','2013-01-18 08:52:55'),(245,18,13,38,'Ø®Ø±ÙˆØ¬','2013-01-22 07:51:54','2013-01-22 07:43:05'),(203,18,13,35,'Ø¯Ø± Ø­Ø§Ù„ Ø¨Ø±Ù‚Ø±Ø§Ø±ÛŒ Ø§Ø±ØªØ¨Ø§Ø·','2013-01-18 08:52:27','2013-01-22 07:41:50'),(204,4,4,36,'Action','2013-01-20 21:05:50','2013-01-20 21:06:05'),(205,5,5,36,'Aksie','2013-01-20 21:05:50','2013-01-21 10:11:59'),(244,5,5,38,'Teken uit','2013-01-22 07:51:54','2013-01-22 07:52:48'),(207,18,13,36,'Ø¹Ù…Ù„ÛŒØ§Øª','2013-01-20 21:05:50','2013-01-22 07:42:49'),(208,4,4,37,'Selection','2013-01-20 21:06:30','2013-01-20 21:06:40'),(209,5,5,37,'Seleksie','2013-01-20 21:06:30','2013-01-21 10:11:49'),(243,4,4,38,'Logout','2013-01-22 07:51:54','2013-01-22 07:52:34'),(211,18,13,37,'Ø§Ù†ØªØ®Ø§Ø¨','2013-01-20 21:06:30','2013-01-22 07:42:54'),(296,18,13,55,'Ø§Ø±Ø³Ø§Ù„ Ø§Ø·Ù„Ø§Ø¹Ø§Øª','2013-01-22 09:59:08','2013-01-22 07:59:24'),(295,5,5,55,'Versend die inligting','2013-01-22 09:59:08','2013-01-22 09:59:30'),(294,4,4,55,'Sending the info','2013-01-22 09:59:08','2013-01-22 09:59:45'),(293,18,13,54,'Ú©Ø´ÙˆØ± Ø¬Ø¯ÛŒØ¯ Ø¨Ø§ Ù…ÙˆÙÙ‚ÛŒØª Ø§Ø¶Ø§ÙÙ‡ Ø´Ø¯','2013-01-22 09:57:09','2013-01-22 07:48:02'),(292,5,5,54,'Nuwe land is geskep sonder probleme','2013-01-22 09:57:09','2013-01-22 09:57:55'),(288,4,4,53,'Country added','2013-01-22 09:56:02','2013-01-22 09:56:33'),(287,18,13,52,'Ø´Ù…Ø§ Ù†ÛŒØ§Ø² Ø¨Ù‡ Ø§Ù†ØªØ®Ø§Ø¨ ÛŒÚ© Ú©Ø´ÙˆØ± Ø¯Ø§Ø±ÛŒØ¯','2013-01-22 09:54:31','2013-01-22 07:47:36'),(286,5,5,52,'Jy is verplig om \'n land the kies','2013-01-22 09:54:31','2013-01-22 09:55:16'),(285,4,4,52,' You are required to select a country','2013-01-22 09:54:31','2013-01-22 09:54:56'),(284,18,13,51,'ÛŒÚ© Ú©Ø´ÙˆØ± Ø§Ù†ØªØ®Ø§Ø¨ Ú©Ù†ÛŒØ¯','2013-01-22 09:53:18','2013-01-22 07:47:15'),(283,5,5,51,'Kies \'n land','2013-01-22 09:53:18','2013-01-22 09:53:30'),(282,4,4,51,'Select a country','2013-01-22 09:53:18','2013-01-22 09:53:46'),(281,18,13,50,'Ú©Ù…Ú© Ø¢Ù†Ù„Ø§ÛŒÙ† Ø¨Ø±Ø§ÛŒ Ù…Ø¯ÛŒØ±ÛŒØª ØªØ±Ø¬Ù…Ù‡','2013-01-22 09:51:30','2013-01-22 07:47:08'),(278,18,13,49,'Ù…Ø¯ÛŒØ±ÛŒØª ØªØ±Ø¬Ù…Ù‡','2013-01-22 09:49:42','2013-01-22 07:46:45'),(279,4,4,50,'Online help for Translation Manager','2013-01-22 09:51:30','2013-01-22 09:52:09'),(275,18,13,48,'Ú©Ù…Ú© Ø¨Ú¯ÛŒØ±','2013-01-22 09:48:23','2013-01-22 07:46:39'),(274,5,5,48,'Kry hulp','2013-01-22 09:48:23','2013-01-22 09:48:47'),(273,4,4,48,'Get Help','2013-01-22 09:48:23','2013-01-22 09:48:58'),(291,4,4,54,'New country added fine','2013-01-22 09:57:09','2013-01-22 09:57:46'),(290,18,13,53,'Ú©Ø´ÙˆØ± Ø§Ø¶Ø§ÙÙ‡ Ø´Ø¯','2013-01-22 09:56:02','2013-01-22 07:47:43'),(289,5,5,53,'Land bygevoeg','2013-01-22 09:56:02','2013-01-22 09:56:18'),(280,5,5,50,'Aanlyn hulp vir die vertalings bestuurder','2013-01-22 09:51:30','2013-01-22 09:51:49'),(277,5,5,49,'Vertalingsbestuurder','2013-01-22 09:49:42','2013-01-22 12:53:35'),(276,4,4,49,'Translation management','2013-01-22 09:49:42','2013-01-22 09:49:51'),(297,4,4,56,'Country','2013-01-22 11:00:41','2013-01-22 11:01:08'),(298,5,5,56,'Land','2013-01-22 11:00:41','2013-01-22 11:01:36'),(299,18,13,56,'Ú©Ø´ÙˆØ±','2013-01-22 11:00:41','2013-01-22 07:59:29'),(300,4,4,57,'Language','2013-01-22 11:00:59','2013-01-22 11:01:15'),(301,5,5,57,'Taal','2013-01-22 11:00:59','2013-01-22 11:01:42'),(302,18,13,57,'Ø²Ø¨Ø§Ù†','2013-01-22 11:00:59','2013-01-22 07:59:37'),(306,4,4,59,'Language of country','2013-01-22 11:05:53','2013-01-22 11:06:11'),(307,5,5,59,'Landstaal','2013-01-22 11:05:53','2013-01-22 11:06:25'),(308,18,13,59,'Ø²Ø¨Ø§Ù† Ú©Ø´ÙˆØ±','2013-01-22 11:05:53','2013-01-22 07:59:44'),(309,4,4,60,'Add Key','2013-01-22 11:10:56','2013-01-22 11:11:31'),(310,5,5,60,'Voeg sleutel by','2013-01-22 11:10:56','2013-01-22 11:11:15'),(311,18,13,60,'Ø§Ø¶Ø§ÙÙ‡ Ú©Ø±Ø¯Ù† Ú©Ù„ÛŒØ¯','2013-01-22 11:10:56','2013-01-22 07:59:51'),(312,4,4,61,'Supply the following detail please','2013-01-22 11:12:14','2013-01-22 11:12:36'),(313,5,5,61,'Voorsien asseblief die volgende detail','2013-01-22 11:12:14','2013-01-22 11:12:58'),(314,18,13,61,'Ù„Ø·ÙØ§\" Ø§Ø·Ù„Ø§Ø¹Ø§Øª Ø®ÙˆØ§Ø³ØªÙ‡ Ø´Ø¯Ù‡ Ø¯Ø± Ø²ÛŒØ± Ø±Ø§ ','2013-01-22 11:12:14','2013-01-22 08:02:59'),(315,4,4,62,'Key name','2013-01-22 11:14:12','2013-01-22 11:15:39'),(316,5,5,62,'Sleutelnaam','2013-01-22 11:14:12','2013-01-22 11:14:30'),(317,18,13,62,'Ù†Ø§Ù… Ú©Ù„ÛŒØ¯','2013-01-22 11:14:12','2013-01-22 08:03:34'),(318,4,4,63,'Specify a valid name for the key','2013-01-22 11:14:54','2013-01-22 11:15:58'),(319,5,5,63,'Voorsien \'n geldige naam vir die sleutel','2013-01-22 11:14:54','2013-01-22 11:15:28'),(320,18,13,63,'ÛŒÚ© Ù†Ø§Ù… Ù…Ø¹ØªØ¨Ø± Ø¨Ø±Ø§ÛŒ Ú©Ù„ÛŒØ¯ ÙˆØ§Ø±Ø¯ Ú©Ù†ÛŒØ¯','2013-01-22 11:14:54','2013-01-22 08:03:45'),(321,4,4,64,'Next','2013-01-22 11:16:52','2013-01-22 11:17:02'),(322,5,5,64,'Volgende','2013-01-22 11:16:52','2013-01-22 11:17:20'),(323,18,13,64,'Ø¨Ø¹Ø¯ÛŒ','2013-01-22 11:16:52','2013-01-22 08:03:53'),(324,4,4,65,'Choose a key','2013-01-22 11:22:02','2013-01-22 11:22:11'),(325,5,5,65,'Kies \'n sleutel','2013-01-22 11:22:02','2013-01-22 11:22:27'),(326,18,13,65,'ÛŒÚ© Ú©Ù„ÛŒØ¯ Ø§Ù†ØªØ®Ø§Ø¨ Ú©Ù†ÛŒØ¯','2013-01-22 11:22:02','2013-01-22 08:03:58'),(327,4,4,66,'Delete country','2013-01-22 11:23:17','2013-01-22 11:23:36'),(328,5,5,66,'Verwyder land','2013-01-22 11:23:17','2013-01-22 11:23:25'),(329,18,13,66,'Ù¾Ø§Ú© Ú©Ø±Ø¯Ù† Ú©Ø´ÙˆØ±','2013-01-22 11:23:17','2013-01-22 08:04:21'),(330,4,4,67,'Select the country to delete. Make sure you know what you are doing.','2013-01-22 11:24:47','2013-01-22 11:25:20'),(331,5,5,67,'Kies \'n land om te verwyder, maak eers baie seker van jou saak.','2013-01-22 11:24:47','2013-01-22 11:27:14'),(332,18,13,67,'Ú©Ø´ÙˆØ± Ø±Ø§ Ø¨Ø±Ø§ÛŒ Ø­Ø°Ù Ø§Ù†ØªØ®Ø§Ø¨ Ú©Ù†ÛŒØ¯. Ù…Ø·Ù…Ø¦Ù† Ø´ÙˆÛŒØ¯ Ø§Ø² Ú©Ø§Ø±ÛŒ Ú©Ù‡ Ø§Ù†Ø¬Ø§','2013-01-22 11:24:47','2013-01-22 08:07:24'),(333,4,4,68,'Edit Countries','2013-01-22 11:28:07','2013-01-22 11:28:35'),(334,5,5,68,'Redigeer lande','2013-01-22 11:28:07','2013-01-22 11:28:22'),(335,18,13,68,'ÙˆÛŒØ±Ø§ÛŒØ´ Ú©Ø´ÙˆØ±Ù‡Ø§','2013-01-22 11:28:07','2013-01-22 08:07:30'),(336,4,4,69,'Select a country to edit','2013-01-22 11:29:25','2013-01-22 11:29:38'),(337,5,5,69,'Kies \'n land om te redigeer','2013-01-22 11:29:25','2013-01-22 12:00:22'),(338,18,13,69,'Ø¨Ø±Ø§ÛŒ ÙˆÛŒØ±Ø§ÛŒØ´ØŒ ÛŒÚ© Ú©Ø´ÙˆØ± Ø§Ù†ØªØ®Ø§Ø¨ Ú©Ù†ÛŒØ¯','2013-01-22 11:29:25','2013-01-22 08:08:00'),(339,4,4,70,'Country name','2013-01-22 11:31:19','2013-01-22 11:31:34'),(340,5,5,70,'Land se naam','2013-01-22 11:31:19','2013-01-22 11:31:46'),(341,18,13,70,'Ù†Ø§Ù… Ú©Ø´ÙˆØ±','2013-01-22 11:31:19','2013-01-22 08:08:09'),(342,4,4,71,'Specify a valid name please','2013-01-22 11:59:46','2013-01-22 12:01:04'),(343,5,5,71,'Voorsien asseblief \'n gledige naam','2013-01-22 11:59:46','2013-01-22 12:00:46'),(344,18,13,71,'Ù„Ø·ÙØ§ ÛŒÚ© Ù†Ø§Ù… Ù…Ø¹ØªØ¨Ø± Ù…Ø´Ø®Øµ Ú©Ù†ÛŒØ¯','2013-01-22 11:59:46','2013-01-22 08:08:32'),(345,4,4,72,'ISO code','2013-01-22 12:01:41','2013-01-22 12:01:51'),(346,5,5,72,'ISO-Kode','2013-01-22 12:01:41','2013-01-22 12:02:10'),(347,18,13,72,'Ú©Ø¯ Ø§ÛŒØ²Ùˆ','2013-01-22 12:01:41','2013-01-22 08:08:39'),(348,4,4,73,'eg ZA or DE','2013-01-22 12:02:48','2013-01-22 12:03:50'),(349,5,5,73,'bv ZA of DE','2013-01-22 12:02:48','2013-01-22 12:03:31'),(350,18,13,73,'Ù…Ø«Ù„Ø§ ZA ÛŒØ§ DE','2013-01-22 12:02:48','2013-01-22 08:09:00'),(351,4,4,74,'Specify a valid iso country code','2013-01-22 12:04:33','2013-01-22 12:04:50'),(352,5,5,74,'Voorsien \'n geldige ISO-kode','2013-01-22 12:04:33','2013-01-22 12:05:11'),(353,18,13,74,'Ø§ÛŒØ²ÙˆÛŒ Ù…Ø¹ØªØ¨Ø± Ú©Ø¯ Ú©Ø´ÙˆØ± Ø±Ø§ Ù…Ø´Ø®Øµ Ú©Ù†ÛŒØ¯','2013-01-22 12:04:33','2013-01-22 08:10:23'),(354,4,4,75,'Flag icon','2013-01-22 12:05:45','2013-01-22 12:06:32'),(355,5,5,75,'Vlag prentjie','2013-01-22 12:05:45','2013-01-22 12:06:15'),(356,18,13,75,'Ø¢ÛŒÚ©ÙˆÙ† Ù¾Ø±Ú†Ù…','2013-01-22 12:05:45','2013-01-22 08:10:30'),(357,4,4,76,'Select icon','2013-01-22 12:07:19','2013-01-22 12:07:31'),(358,5,5,76,'Kies prentjie','2013-01-22 12:07:19','2013-01-22 12:07:53'),(359,18,13,76,'Ø§Ù†ØªØ®Ø§Ø¨ Ø¢ÛŒÚ©ÙˆÙ†','2013-01-22 12:07:19','2013-01-22 08:10:44'),(360,4,4,77,'Prevoius','2013-01-22 12:08:41','2013-01-22 12:09:10'),(361,5,5,77,'Terug','2013-01-22 12:08:41','2013-01-22 12:08:57'),(362,18,13,77,'Ù‚Ø¨Ù„ÛŒ','2013-01-22 12:08:41','2013-01-22 08:10:51'),(363,4,4,78,'Choose a country','2013-01-22 12:39:33','2013-01-22 12:39:44'),(364,5,5,78,'Kies \'n land','2013-01-22 12:39:33','2013-01-22 12:39:56'),(365,18,13,78,'ÛŒÚ© Ú©Ø´ÙˆØ± Ø§Ù†ØªØ®Ø§Ø¨ Ú©Ù†ÛŒØ¯','2013-01-22 12:39:33','2013-01-22 08:11:04'),(366,4,4,79,'Add Language','2013-01-22 12:42:34','2013-01-22 12:43:01'),(367,5,5,79,'Voeg nuwe taal by','2013-01-22 12:42:34','2013-01-22 12:42:48'),(368,18,13,79,'Ø§ÙØ²ÙˆØ¯Ù† Ø²Ø¨Ø§Ù†','2013-01-22 12:42:34','2013-01-22 08:11:13'),(369,4,4,80,'Select an existing country to add a language to.','2013-01-22 12:45:05','2013-01-22 12:45:31'),(370,5,5,80,'Kies \'n bestaande land waarby jy \'n nuwe taal wil voeg.','2013-01-22 12:45:05','2013-01-22 12:46:11'),(371,18,13,80,'Ø¨Ø±Ø§ÛŒ Ø§ÙØ²ÙˆØ¯Ù† ØªØ±Ø¬Ù…Ù‡ ÛŒÚ© Ú©Ø´ÙˆØ± Ù…ÙˆØ¬ÙˆØ¯ Ø±Ø§ Ø§Ù†ØªØ®Ø§Ø¨ Ú©Ù†ÛŒØ¯','2013-01-22 12:45:05','2013-01-22 08:11:52'),(372,4,4,81,'Alternatively choose to create a new country.','2013-01-22 12:46:30','2013-01-22 12:47:15'),(373,5,5,81,'Andersins, kies om \'n nuwe land te skep.','2013-01-22 12:46:30','2013-01-22 12:46:52'),(374,18,13,81,'ÛŒØ§ ÛŒÚ© Ú©Ø´ÙˆØ± Ø¬Ø¯ÛŒØ¯ Ø§ÛŒØ¬Ø§Ø¯ Ú©Ù†ÛŒØ¯','2013-01-22 12:46:30','2013-01-22 08:12:41'),(375,4,4,82,'Create new country','2013-01-22 12:48:15','2013-01-22 12:48:24'),(376,5,5,82,'Voeg nuwe land by','2013-01-22 12:48:15','2013-01-22 12:48:38'),(377,18,13,82,'Ø§ÛŒØ¬Ø§Ø¯ Ú©Ø´ÙˆØ± Ø¬Ø¯ÛŒØ¯','2013-01-22 12:48:15','2013-01-22 08:12:57'),(383,18,13,84,'Ù…Ø«Ù„Ø§ pt ÛŒØ§ de','2013-01-22 13:07:20','2013-01-22 08:13:06'),(382,5,5,84,'bv pt of de','2013-01-22 13:07:20','2013-01-22 13:07:39'),(381,4,4,84,'eg pt or de','2013-01-22 13:07:20','2013-01-22 13:07:55'),(384,4,4,85,'Specify a valid iso language code','2013-01-22 13:08:23','2013-01-22 13:08:41'),(385,5,5,85,'Voorsien \'n geldige ISO-kode vir die taal','2013-01-22 13:08:23','2013-01-22 13:09:15'),(386,18,13,85,'ÛŒÚ© Ø§ÛŒØ²ÙˆÛŒ Ú©Ø¯ Ú©Ø´ÙˆØ± Ù…Ø¹ØªØ¨Ø± Ø§Ø±Ø§Ø¦Ù‡ Ú©Ù†ÛŒØ¯','2013-01-22 13:08:23','2013-01-22 08:15:38'),(387,4,4,86,'Edit Key','2013-01-22 13:54:06','2013-01-22 13:54:33'),(388,5,5,86,'Redigeer sleutel','2013-01-22 13:54:06','2013-01-22 13:54:21'),(389,18,13,86,'ÙˆÛŒØ±Ø§ÛŒØ´ Ú©Ù„ÛŒØ¯','2013-01-22 13:54:06','2013-01-22 08:15:51'),(390,4,4,87,'Select a key to edit','2013-01-22 13:55:14','2013-01-22 13:55:32'),(391,5,5,87,'Kies \'n bestaande sleutel om te redigeer','2013-01-22 13:55:14','2013-01-22 13:55:55'),(392,18,13,87,'ÛŒÚ© Ú©Ù„ÛŒØ¯ Ø¨Ø±Ø§ÛŒ ÙˆÛŒØ±Ø§ÛŒØ´ Ø§Ù†ØªØ®Ø§Ø¨ Ú©Ù†ÛŒØ¯','2013-01-22 13:55:14','2013-01-22 08:16:07'),(393,4,4,88,'Choose an existing language to copy','2013-01-22 14:03:27','2013-01-22 14:04:35'),(394,5,5,88,'Kies een van die bestaande tale wat jy wil gebruik','2013-01-22 14:03:27','2013-01-22 14:04:09'),(395,18,13,88,'ÛŒÚ© Ø²Ø¨Ø§Ù† Ù…ÙˆØ¬ÙˆØ¯ Ø¨Ø±Ø§ÛŒ Ú©Ù¾ÛŒ Ø§Ù†ØªØ®Ø§Ø¨ Ú©Ù†ÛŒØ¯','2013-01-22 14:03:27','2013-01-22 08:16:18'),(396,4,4,89,'Available languages','2013-01-22 14:05:21','2013-01-22 14:05:39'),(397,5,5,89,'Beskikbare tale','2013-01-22 14:05:21','2013-01-22 14:05:56'),(398,18,13,89,'Ø²Ø¨Ø§Ù†Ù‡Ø§ÛŒ Ù…ÙˆØ¬ÙˆØ¯','2013-01-22 14:05:21','2013-01-22 08:16:29'),(399,4,4,90,'Delete language','2013-01-22 14:09:24','2013-01-22 14:10:03'),(400,5,5,90,'Verwyder taal','2013-01-22 14:09:24','2013-01-22 14:09:46'),(401,18,13,90,'Ù¾Ø§Ú© Ú©Ø±Ø¯Ù† Ø²Ø¨Ø§Ù†','2013-01-22 14:09:24','2013-01-22 08:16:44'),(402,4,4,91,'Select the language to delete.','2013-01-22 14:11:54','2013-01-22 14:12:14'),(403,5,5,91,'Kies die taal wat jy wil verwyder.','2013-01-22 14:11:54','2013-01-22 14:12:33'),(404,18,13,91,'Ø²Ø¨Ø§Ù† Ø±Ø§ Ø¨Ø±Ø§ÛŒ Ù¾Ø§Ú© Ø´Ø¯Ù† Ø§Ù†ØªØ®Ø§Ø¨ Ú©Ù†ÛŒØ¯','2013-01-22 14:11:54','2013-01-22 08:17:01'),(405,4,4,92,'Make sure you know what you are doing.','2013-01-22 14:12:51','2013-01-22 14:13:45'),(406,5,5,92,'Maak seker voor jy jou aksie deurvoer.','2013-01-22 14:12:51','2013-01-22 14:13:22'),(407,18,13,92,'Ù…Ø·Ù…Ø¦Ù† Ø´ÙˆÛŒØ¯ Ø§Ø² Ú©Ø§Ø±ÛŒ Ú©Ù‡ Ù…ÛŒÚ©Ù†ÛŒØ¯ Ú©Ø§Ù…Ù„Ø§ Ø§Ø·Ù„Ø§Ø¹ Ø¯Ø§Ø±ÛŒØ¯','2013-01-22 14:12:51','2013-01-22 08:17:47'),(408,4,4,93,'Edit Languages','2013-01-22 14:14:46','2013-01-22 14:14:57'),(409,5,5,93,'Redigeer tale','2013-01-22 14:14:46','2013-01-22 14:15:18'),(410,18,13,93,'ÙˆÛŒØ±Ø§ÛŒØ´ Ø²Ø¨Ø§Ù† Ù‡Ø§','2013-01-22 14:14:46','2013-01-22 08:18:01'),(411,4,4,94,'Select a language to edit','2013-01-22 14:15:55','2013-01-22 14:16:28'),(412,5,5,94,'Kies \'n bestaande taal om te redigeer','2013-01-22 14:15:55','2013-01-22 14:16:12'),(413,18,13,94,'Ø¨Ø±Ø§ÛŒ ÙˆÛŒØ±Ø§ÛŒØ´ Ø²Ø¨Ø§Ù† Ø±Ø§ Ø§Ù†ØªØ®Ø§Ø¨ Ú©Ù†ÛŒØ¯','2013-01-22 14:15:55','2013-01-22 08:18:13'),(414,4,4,95,'Add Msgid','2013-01-22 14:26:33','2013-01-22 14:26:48'),(415,5,5,95,'Voeg nuwe Msgid by','2013-01-22 14:26:33','2013-01-22 14:27:11'),(416,18,13,95,'Ø§ÙØ²ÙˆØ¯Ù† Ø´Ù†Ø§Ø³Ù‡ Ù¾ÛŒØ§Ù…','2013-01-22 14:26:33','2013-01-22 08:22:27'),(417,4,4,96,'Msgid','2013-01-22 14:28:53','2013-01-22 14:29:18'),(418,5,5,96,'Msgid','2013-01-22 14:28:53','2013-01-22 14:29:02'),(419,18,13,96,'Ø´Ù†Ø§Ø³Ù‡ Ù¾ÛŒØ§Ù…','2013-01-22 14:28:53','2013-01-22 08:22:18'),(420,4,4,97,'Msgstr','2013-01-22 14:30:24','2013-01-22 14:30:34'),(421,5,5,97,'Msgstr','2013-01-22 14:30:24','2013-01-22 14:30:45'),(422,18,13,97,'Ø±Ø´ØªÙ‡ Ù¾ÛŒØ§Ù…','2013-01-22 14:30:24','2013-01-22 08:22:35'),(423,4,4,98,'Optional Comment','2013-01-22 14:31:03','2013-01-22 14:31:46'),(424,5,5,98,'Opsionele nota','2013-01-22 14:31:03','2013-01-22 14:31:27'),(425,18,13,98,'Ø§Ø·Ù„Ø§Ø¹Ø§Øª ØªÚ©Ù…Ù„ÛŒÙ„ÛŒ','2013-01-22 14:31:03','2013-01-22 08:23:09'),(426,4,4,99,'Remove existing comments','2013-01-22 14:34:26','2013-01-22 14:34:38'),(427,5,5,99,'Verwyder die bestaandes','2013-01-22 14:34:26','2013-01-22 14:35:04'),(428,18,13,99,'Ù¾Ø§Ú© Ú©Ø±Ø¯Ù† Ù†Ø¸Ø±Ø§Øª Ù…ÙˆØ¬ÙˆØ¯','2013-01-22 14:34:26','2013-01-22 08:23:24'),(429,4,4,100,'Add comment to msgid','2013-01-22 14:35:43','2013-01-22 14:36:37'),(430,5,5,100,'Voeg nota\'s by die Msgid','2013-01-22 14:35:43','2013-01-22 14:36:15'),(431,18,13,100,'Ø§ÙØ²ÙˆØ¯Ù† Ù†Ø¸Ø± Ø¨Ù‡ Ø´Ù†Ø§Ø³Ù‡ Ù¾ÛŒØ§Ù…','2013-01-22 14:35:43','2013-01-22 08:23:39'),(432,4,4,101,'Copy from another language','2013-01-22 14:40:51','2013-01-22 14:41:08'),(433,5,5,101,'Gebruik \'n ander taal se frases','2013-01-22 14:40:51','2013-01-22 14:41:37'),(434,18,13,101,'Ø§Ø² ÛŒÚ© Ø²Ø¨Ø§Ù† Ø¯ÛŒÚ¯Ø± Ú©Ù¾ÛŒ Ú©Ù†','2013-01-22 14:40:51','2013-01-22 08:24:01'),(435,4,4,102,'Maintain existing translations','2013-01-22 14:43:17','2013-01-22 14:44:27'),(436,5,5,102,'Behou bestaande vertaalfrases','2013-01-22 14:43:17','2013-01-22 14:43:39'),(437,18,13,102,'Ø¨Ø§Ø²Ù†Ú¯Ø±ÛŒ ØªØ±Ø¬Ù…Ù‡ Ù‡Ø§ÛŒ Ù…ÙˆØ¬ÙˆØ¯','2013-01-22 14:43:17','2013-01-22 08:28:15'),(438,4,4,103,'Edit Msgid','2013-01-22 14:45:24','2013-01-22 14:45:38'),(439,5,5,103,'Redigeer Msgid','2013-01-22 14:45:24','2013-01-22 14:45:57'),(440,18,13,103,'ÙˆÛŒØ±Ø§ÛŒØ´ Ø´Ù†Ø§Ø³Ù‡ Ù¾ÛŒØ§Ù…','2013-01-22 14:45:24','2013-01-22 08:28:24'),(441,4,4,104,'Previous value','2013-01-22 14:46:40','2013-01-22 14:47:17'),(442,5,5,104,'Vorige waarde','2013-01-22 14:46:40','2013-01-22 14:46:55'),(443,18,13,104,'Ù…Ù‚Ø¯Ø§Ø± Ù‚Ø¨Ù„ÛŒ','2013-01-22 14:46:40','2013-01-22 08:28:36'),(444,4,4,105,'Specify Meta data','2013-01-22 14:49:51','2013-01-22 14:50:01'),(445,5,5,105,'Voorsien meta-data','2013-01-22 14:49:51','2013-01-22 14:50:15'),(446,18,13,105,'Ø§Ø±Ø§Ø¦Ù‡ Ø¯Ø§Ø¯Ù‡ Ù‡Ø§ÛŒ Ø§Ø·Ù„Ø§Ø¹Ø§ØªÛŒ ) meta data )','2013-01-22 14:49:51','2013-01-22 08:29:06'),(447,4,4,106,'Enter','2013-01-22 14:51:18','2013-01-22 14:51:53'),(448,5,5,106,'Voorsien','2013-01-22 14:51:18','2013-01-22 14:51:37'),(449,18,13,106,'ÙˆØ±ÙˆØ¯','2013-01-22 14:51:18','2013-01-22 08:29:16'),(450,4,4,107,'Source','2013-01-22 15:10:06','2013-01-22 15:10:44'),(451,5,5,107,'Bron','2013-01-22 15:10:06','2013-01-22 15:10:19'),(452,18,13,107,'Ù…Ø¨Ø¯Ø§','2013-01-22 15:10:06','2013-01-22 08:29:38'),(453,4,4,108,'Destination','2013-01-22 15:11:01','2013-01-22 15:11:15'),(454,5,5,108,'Bestemming','2013-01-22 15:11:01','2013-01-22 15:11:28'),(455,18,13,108,'Ù…Ù‚ØµØ¯','2013-01-22 15:11:01','2013-01-22 08:29:34'),(456,4,4,109,'Select something','2013-01-22 15:15:16','2013-01-22 15:16:28'),(457,5,5,109,'Maak \'n keuse','2013-01-22 15:15:16','2013-01-22 15:15:30'),(458,18,13,109,'ÛŒÚ© Ú†ÛŒØ²ÛŒ Ø§Ù†ØªØ®Ø§Ø¨ Ú©Ù†ÛŒØ¯','2013-01-22 15:15:16','2013-01-22 08:29:51'),(459,4,4,110,'Select something to work on','2013-01-22 15:16:37','2013-01-22 15:16:51'),(460,5,5,110,'Kies eers \'n item om op te werk','2013-01-22 15:16:37','2013-01-22 15:17:12'),(461,18,13,110,'ÛŒÚ© Ú†ÛŒØ²ÛŒ Ø¨Ø±Ø§ÛŒ Ø§Ù†Ø¬Ø§Ù… Ø¹Ù…Ù„ÛŒØ§Øª Ø§Ù†ØªØ®Ø§Ø¨ Ú©Ù†ÛŒØ¯','2013-01-22 15:16:37','2013-01-22 08:30:10'),(462,4,4,111,'Confirm','2013-01-22 15:21:39','2013-01-22 15:22:08'),(463,5,5,111,'Bevestig eers','2013-01-22 15:21:39','2013-01-22 15:21:56'),(464,18,13,111,'ØªØ§ÛŒÛŒØ¯','2013-01-22 15:21:39','2013-01-22 08:30:20'),(465,4,4,112,'Are you sure you want to do that?','2013-01-22 15:23:46','2013-01-22 15:24:18'),(466,5,5,112,'Wil jy voortgaan met die aksie?','2013-01-22 15:23:46','2013-01-22 15:24:43'),(467,18,13,112,'Ø¢ÛŒØ§ Ø§Ø² Ø§Ù†Ø¬Ø§Ù… Ú¯Ø±ÙØªÙ† Ø§ÛŒÙ† Ú©Ø§Ø± Ù…Ø·Ù…Ø¦Ù†ÛŒØ¯ ØŸ ','2013-01-22 15:23:46','2013-01-22 08:30:35'),(468,4,4,113,'Item added','2013-01-22 15:29:02','2013-01-22 15:29:41'),(469,5,5,113,'Nuwe item bygevoeg','2013-01-22 15:29:02','2013-01-22 15:29:27'),(470,18,13,113,'Ø¢ÛŒØªÙ… Ø§Ø¶Ø§ÙÙ‡ Ø´Ø¯','2013-01-22 15:29:02','2013-01-22 08:30:56'),(471,4,4,114,'New item added fine','2013-01-22 15:30:04','2013-01-22 15:30:24'),(472,5,5,114,'Nuwe item is sonder probleme geskep','2013-01-22 15:30:04','2013-01-22 15:31:04'),(473,18,13,114,'Ø¢ÛŒØªÙ… Ø¨Ø§ Ù…ÙˆÙÙ‚ÛŒØª Ø§ÙØ²ÙˆØ¯Ù‡ Ø´Ø¯','2013-01-22 15:30:04','2013-01-22 08:31:09'),(474,4,4,115,'Updated database','2013-01-22 15:38:01','2013-01-22 15:38:39'),(475,5,5,115,'Databasis is opgedateer','2013-01-22 15:38:01','2013-01-22 15:38:28'),(476,18,13,115,'Ù¾Ø§ÛŒÚ¯Ø§Ù‡ Ø¯Ø§Ø¯Ù‡ Ø¨Ø±ÙˆØ² Ø´Ø¯Ù‡','2013-01-22 15:38:01','2013-01-22 07:35:53'),(477,4,4,116,'Database has been updated','2013-01-22 15:39:03','2013-01-22 15:40:05'),(478,5,5,116,'Die databasis is opgedateer sonder probleme','2013-01-22 15:39:03','2013-01-22 15:40:43'),(479,18,13,116,'Ù¾Ø§ÛŒÚ¯Ø§Ù‡ Ø¯Ø§Ø¯Ù‡ Ø¨Ø±ÙˆØ²Ø±Ø³Ø§Ù†ÛŒ Ø´Ø¯','2013-01-22 15:39:03','2013-01-22 07:35:45'),(480,4,4,117,'Select one only','2013-01-22 15:41:49','2013-01-22 15:43:33'),(481,5,5,117,'Jy mag slegs een kies','2013-01-22 15:41:49','2013-01-22 15:42:04'),(482,18,13,117,'ÙÙ‚Ø· ÛŒÚ©ÛŒ Ø§Ù†ØªØ®Ø§Ø¨ Ú©Ù†ÛŒØ¯','2013-01-22 15:41:49','2013-01-22 08:13:41'),(483,4,4,118,'Selection limited to one','2013-01-22 15:42:43','2013-01-22 15:43:47'),(484,5,5,118,'Jou keuse is beperk to een item','2013-01-22 15:42:43','2013-01-22 15:43:14'),(485,18,13,118,'Ù…Ø­Ø¯ÙˆØ¯ Ø¨Ù‡ ÛŒÚ© Ø§Ù†ØªØ®Ø§Ø¨','2013-01-22 15:42:43','2013-01-22 07:35:07');
/*!40000 ALTER TABLE `phrase_values` ENABLE KEYS */;
UNLOCK TABLES;

--
-- Table structure for table `radcheck`
--

DROP TABLE IF EXISTS `radcheck`;
/*!40101 SET @saved_cs_client     = @@character_set_client */;
/*!40101 SET character_set_client = utf8 */;
CREATE TABLE `radcheck` (
  `id` int(11) unsigned NOT NULL AUTO_INCREMENT,
  `username` varchar(64) NOT NULL DEFAULT '',
  `attribute` varchar(32) NOT NULL DEFAULT '',
  `op` char(2) NOT NULL DEFAULT '==',
  `value` varchar(253) NOT NULL DEFAULT '',
  PRIMARY KEY (`id`),
  KEY `username` (`username`(32))
) ENGINE=MyISAM AUTO_INCREMENT=15032 DEFAULT CHARSET=latin1;
/*!40101 SET character_set_client = @saved_cs_client */;

--
-- Dumping data for table `radcheck`
--

LOCK TABLES `radcheck` WRITE;
/*!40000 ALTER TABLE `radcheck` DISABLE KEYS */;
INSERT INTO `radcheck` VALUES (15029,'dvdwalt','Cleartext-Password','==','qwerty'),(15030,'pvdwalt','Cleartext-Password','==','qwerty'),(15031,'pvdwalt','Sleartext-Password','==','qwerty');
/*!40000 ALTER TABLE `radcheck` ENABLE KEYS */;
UNLOCK TABLES;

--
-- Table structure for table `realm_notes`
--

DROP TABLE IF EXISTS `realm_notes`;
/*!40101 SET @saved_cs_client     = @@character_set_client */;
/*!40101 SET character_set_client = utf8 */;
CREATE TABLE `realm_notes` (
  `id` int(11) NOT NULL AUTO_INCREMENT,
  `realm_id` int(11) NOT NULL,
  `note_id` int(11) NOT NULL,
  `created` datetime NOT NULL,
  `modified` datetime NOT NULL,
  PRIMARY KEY (`id`)
) ENGINE=InnoDB AUTO_INCREMENT=24 DEFAULT CHARSET=latin1;
/*!40101 SET character_set_client = @saved_cs_client */;

--
-- Dumping data for table `realm_notes`
--

LOCK TABLES `realm_notes` WRITE;
/*!40000 ALTER TABLE `realm_notes` DISABLE KEYS */;
INSERT INTO `realm_notes` VALUES (21,23,35,'2013-01-16 12:55:25','2013-01-16 12:55:25'),(22,23,36,'2013-01-16 12:55:48','2013-01-16 12:55:48'),(23,13,45,'2013-01-21 08:05:05','2013-01-21 08:05:05');
/*!40000 ALTER TABLE `realm_notes` ENABLE KEYS */;
UNLOCK TABLES;

--
-- Table structure for table `realms`
--

DROP TABLE IF EXISTS `realms`;
/*!40101 SET @saved_cs_client     = @@character_set_client */;
/*!40101 SET character_set_client = utf8 */;
CREATE TABLE `realms` (
  `id` int(11) NOT NULL AUTO_INCREMENT,
  `name` varchar(64) NOT NULL DEFAULT '',
  `available_to_siblings` tinyint(1) NOT NULL DEFAULT '1',
  `icon_file_name` varchar(128) NOT NULL DEFAULT 'logo.jpg',
  `phone` varchar(14) NOT NULL DEFAULT '',
  `fax` varchar(14) NOT NULL DEFAULT '',
  `cell` varchar(14) NOT NULL DEFAULT '',
  `email` varchar(128) NOT NULL DEFAULT '',
  `url` varchar(128) NOT NULL DEFAULT '',
  `street_no` char(10) NOT NULL DEFAULT '',
  `street` char(50) NOT NULL DEFAULT '',
  `town_suburb` char(50) NOT NULL DEFAULT '',
  `city` char(50) NOT NULL DEFAULT '',
  `country` char(50) NOT NULL DEFAULT '',
  `lat` double DEFAULT NULL,
  `lon` double DEFAULT NULL,
  `user_id` int(11) DEFAULT NULL,
  `created` datetime NOT NULL,
  `modified` datetime NOT NULL,
  PRIMARY KEY (`id`)
) ENGINE=InnoDB AUTO_INCREMENT=25 DEFAULT CHARSET=latin1;
/*!40101 SET character_set_client = @saved_cs_client */;

--
-- Dumping data for table `realms`
--

LOCK TABLES `realms` WRITE;
/*!40000 ALTER TABLE `realms` DISABLE KEYS */;
INSERT INTO `realms` VALUES (11,'AP Private',0,'logo.jpg','','','','','','','','','','',NULL,NULL,58,'2012-12-20 16:00:02','2012-12-20 16:00:02'),(13,'AP Public',1,'logo.jpg','','','','','','','','','','',NULL,NULL,58,'2012-12-20 16:00:30','2012-12-20 16:00:30'),(22,'RootPrivate',0,'logo.jpg','','','','','','','','','','',NULL,NULL,44,'2013-01-04 17:48:20','2013-01-04 17:48:20'),(23,'RootPublic',1,'logo.jpg','','','','','','','','','','',NULL,NULL,44,'2013-01-04 17:48:37','2013-01-04 17:48:37'),(24,'TigerPrivate',0,'logo.jpg','','','','','','','','','','',NULL,NULL,64,'2013-01-21 12:16:35','2013-01-21 12:16:35');
/*!40000 ALTER TABLE `realms` ENABLE KEYS */;
UNLOCK TABLES;

--
-- Table structure for table `tag_notes`
--

DROP TABLE IF EXISTS `tag_notes`;
/*!40101 SET @saved_cs_client     = @@character_set_client */;
/*!40101 SET character_set_client = utf8 */;
CREATE TABLE `tag_notes` (
  `id` int(11) NOT NULL AUTO_INCREMENT,
  `tag_id` int(11) NOT NULL,
  `note_id` int(11) NOT NULL,
  `created` datetime NOT NULL,
  `modified` datetime NOT NULL,
  PRIMARY KEY (`id`)
) ENGINE=InnoDB AUTO_INCREMENT=20 DEFAULT CHARSET=latin1;
/*!40101 SET character_set_client = @saved_cs_client */;

--
-- Dumping data for table `tag_notes`
--

LOCK TABLES `tag_notes` WRITE;
/*!40000 ALTER TABLE `tag_notes` DISABLE KEYS */;
INSERT INTO `tag_notes` VALUES (17,10,30,'2013-01-16 08:06:52','2013-01-16 08:06:52'),(18,13,32,'2013-01-16 08:43:01','2013-01-16 08:43:01'),(19,16,43,'2013-01-21 05:28:33','2013-01-21 05:28:33');
/*!40000 ALTER TABLE `tag_notes` ENABLE KEYS */;
UNLOCK TABLES;

--
-- Table structure for table `tags`
--

DROP TABLE IF EXISTS `tags`;
/*!40101 SET @saved_cs_client     = @@character_set_client */;
/*!40101 SET character_set_client = utf8 */;
CREATE TABLE `tags` (
  `id` int(11) NOT NULL AUTO_INCREMENT,
  `name` varchar(128) NOT NULL,
  `available_to_siblings` tinyint(1) NOT NULL DEFAULT '1',
  `user_id` int(11) DEFAULT NULL,
  `created` datetime NOT NULL,
  `modified` datetime NOT NULL,
  PRIMARY KEY (`id`)
) ENGINE=InnoDB AUTO_INCREMENT=18 DEFAULT CHARSET=latin1;
/*!40101 SET character_set_client = @saved_cs_client */;

--
-- Dumping data for table `tags`
--

LOCK TABLES `tags` WRITE;
/*!40000 ALTER TABLE `tags` DISABLE KEYS */;
INSERT INTO `tags` VALUES (13,'RootPrivate',0,44,'2013-01-07 08:19:15','2013-01-20 20:59:14'),(14,'RootPublic',1,44,'2013-01-07 08:20:13','2013-01-07 08:20:13'),(15,'Gooi',1,58,'2013-01-07 10:29:34','2013-01-07 10:29:34'),(16,'Homes',0,58,'2013-01-07 10:29:50','2013-01-24 15:10:24'),(17,'Gooi hom pappie',1,61,'2013-01-17 14:28:42','2013-01-17 14:28:42');
/*!40000 ALTER TABLE `tags` ENABLE KEYS */;
UNLOCK TABLES;

--
-- Table structure for table `user_notes`
--

DROP TABLE IF EXISTS `user_notes`;
/*!40101 SET @saved_cs_client     = @@character_set_client */;
/*!40101 SET character_set_client = utf8 */;
CREATE TABLE `user_notes` (
  `id` int(11) NOT NULL AUTO_INCREMENT,
  `user_id` int(11) NOT NULL,
  `note_id` int(11) NOT NULL,
  `created` datetime NOT NULL,
  `modified` datetime NOT NULL,
  PRIMARY KEY (`id`)
) ENGINE=InnoDB AUTO_INCREMENT=21 DEFAULT CHARSET=latin1;
/*!40101 SET character_set_client = @saved_cs_client */;

--
-- Dumping data for table `user_notes`
--

LOCK TABLES `user_notes` WRITE;
/*!40000 ALTER TABLE `user_notes` DISABLE KEYS */;
INSERT INTO `user_notes` VALUES (19,61,37,'2013-01-18 07:57:12','2013-01-18 07:57:12'),(20,61,38,'2013-01-18 08:06:44','2013-01-18 08:06:44');
/*!40000 ALTER TABLE `user_notes` ENABLE KEYS */;
UNLOCK TABLES;

--
-- Table structure for table `users`
--

DROP TABLE IF EXISTS `users`;
/*!40101 SET @saved_cs_client     = @@character_set_client */;
/*!40101 SET character_set_client = utf8 */;
CREATE TABLE `users` (
  `id` int(11) NOT NULL AUTO_INCREMENT,
  `username` varchar(255) NOT NULL,
  `password` varchar(50) NOT NULL,
  `token` char(36) DEFAULT NULL,
  `name` varchar(50) NOT NULL,
  `surname` varchar(50) NOT NULL,
  `address` varchar(255) NOT NULL,
  `phone` varchar(50) NOT NULL,
  `email` varchar(100) NOT NULL,
  `active` tinyint(1) NOT NULL DEFAULT '0',
  `monitor` tinyint(1) NOT NULL DEFAULT '0',
  `country_id` int(11) DEFAULT NULL,
  `group_id` int(11) NOT NULL,
  `language_id` int(11) DEFAULT NULL,
  `parent_id` int(11) DEFAULT NULL,
  `profile_id` int(11) DEFAULT NULL,
  `realm_id` int(11) DEFAULT NULL,
  `lft` int(11) DEFAULT NULL,
  `rght` int(11) DEFAULT NULL,
  `created` datetime NOT NULL,
  `modified` datetime NOT NULL,
  PRIMARY KEY (`id`)
) ENGINE=InnoDB AUTO_INCREMENT=65 DEFAULT CHARSET=latin1;
/*!40101 SET character_set_client = @saved_cs_client */;

--
-- Dumping data for table `users`
--

LOCK TABLES `users` WRITE;
/*!40000 ALTER TABLE `users` DISABLE KEYS */;
INSERT INTO `users` VALUES (44,'root','9b2b0416194bfdd0db089b9c09fad3163eae5383','50c5c405-06f0-418b-8d34-6a9d03662c24','root','','','','',1,0,4,8,4,NULL,NULL,14,1,10,'2012-12-10 13:14:13','2013-01-18 07:15:37'),(58,'ap','f487af6f7caae763ccf4b063d9055a91304685b9','50c5fe31-4f1c-4449-b90a-5b1403662c24','','','','','',1,1,5,9,5,44,NULL,NULL,2,9,'2012-12-10 17:22:25','2013-01-18 07:15:37'),(60,'ac','059e8aa58f663b04f4cbdb897553ebd374f6dd2f','50f68dc4-c11c-4cf6-ba44-3e2703662c24','','','','','',1,1,5,9,5,58,NULL,NULL,3,6,'2013-01-16 13:23:48','2013-01-18 07:15:37'),(61,'ads','7a6d0efcba484e3b435bd95c19ba6acc445dd214','50f68ddf-b904-4227-95f6-243c03662c24','','','','','',1,1,5,9,5,58,NULL,NULL,7,8,'2013-01-16 13:24:15','2013-01-18 07:15:37'),(64,'tiger','70feb0b7b23f233698ae7cf6a1d8067cfcad8e4a','50fcf1e5-50e0-4dea-bd29-1bd103662c24','','','','','',1,1,5,9,5,60,NULL,NULL,4,5,'2013-01-21 09:44:37','2013-01-21 13:23:39');
/*!40000 ALTER TABLE `users` ENABLE KEYS */;
UNLOCK TABLES;
/*!40103 SET TIME_ZONE=@OLD_TIME_ZONE */;

/*!40101 SET SQL_MODE=@OLD_SQL_MODE */;
/*!40014 SET FOREIGN_KEY_CHECKS=@OLD_FOREIGN_KEY_CHECKS */;
/*!40014 SET UNIQUE_CHECKS=@OLD_UNIQUE_CHECKS */;
/*!40101 SET CHARACTER_SET_CLIENT=@OLD_CHARACTER_SET_CLIENT */;
/*!40101 SET CHARACTER_SET_RESULTS=@OLD_CHARACTER_SET_RESULTS */;
/*!40101 SET COLLATION_CONNECTION=@OLD_COLLATION_CONNECTION */;
/*!40111 SET SQL_NOTES=@OLD_SQL_NOTES */;

-- Dump completed on 2013-01-28 13:38:17
